"name","player","pos","team","overallRank","projections","projectedPts_cbs1","projectedPts_cbs2","projectedPts_espn","projectedPts_ffn","projectedPts_fp","projectedPts_fs","projectedPts_fftoday","projectedPts_nfl","projectedPts_yahoo","projectedPtsMean","projectedPtsMedian"
"PEYTONMANNING","Peyton Manning","QB","DEN",1,443.704598976852,447.76,448.28,471,449.5,NA,437.92,462.98,437.98,435.32,447.8675,443.704598976852
"DREWBREES","Drew Brees","QB","NO",2,412.876691880523,410.6,422.42,411.6,418.08,NA,401.92,417.42,416.22,405.78,413.11,412.876691880523
"AARONRODGERS","Aaron Rodgers","QB","GB",3,405.011359353006,421.46,423.26,429.62,415.42,NA,376.74,413.2,410.08,379.08,407.1825,405.011359353006
"MATTHEWSTAFFORD","Matthew Stafford","QB","DET",4,365.872142215395,393.82,399.28,355.24,376.3,NA,362.96,329.06,361.58,354.92,365.595,365.872142215395
"NICKFOLES","Nick Foles","QB","PHI",5,357.546410679322,343.3,376.7,338.06,366.64,NA,367.3,368.3,359.94,354.74,359.1625,357.546410679322
"ANDREWLUCK","Andrew Luck","QB","IND",6,352.43833984927,370.58,346.36,335.34,352.46,NA,362,344.1,373,342.48,352.6,352.43833984927
"TOMBRADY","Tom Brady","QB","NE",7,344.313624020921,353.42,371.28,317.58,NA,NA,347.5,323.84,352.68,352,344.534285714286,344.313624020921
"MATTRYAN","Matt Ryan","QB","ATL",8,343.025103728766,370.98,348.64,323.68,352.48,NA,322.76,338.4,347.48,348.92,342.6825,343.025103728766
"COLINKAEPERNICK","Colin Kaepernick","QB","SF",9,339.903757421687,363.14,393.14,316.52,354.24,NA,348.4,331.22,350.54,314.14,345.6825,339.903757421687
"TONYROMO","Tony Romo","QB","DAL",10,339.779683079201,363.94,346.28,327.06,NA,NA,322.54,322.16,353.68,340.98,338.82,339.779683079201
"ROBERTGRIFFIN","Robert Griffin III","QB","WAS",11,338.788738389585,360.32,339.8,337.86,352.2,NA,318.96,324.88,355.2,334.48,339.9675,338.788738389585
"CAMNEWTON","Cam Newton","QB","CAR",12,336.145878033662,342.94,334.1,336.3,340.62,NA,344.36,349.2,358.14,312.84,339.2725,336.145878033662
"JAYCUTLER","Jay Cutler","QB","CHI",13,327.525420833131,356.98,336.68,307.72,NA,NA,328.84,312.66,335.54,315.18,327.94,327.525420833131
"RUSSELLWILSON","Russell Wilson","QB","SEA",14,324.84669369821,331.74,319,328.26,NA,NA,342.88,330.14,340.58,307.84,327.154285714286,324.84669369821
"PHILIPRIVERS","Philip Rivers","QB","SD",15,320.811862219307,323.18,335.44,324.18,NA,NA,306.6,321.26,334.02,316.95,321.955714285714,320.811862219307
"BENROETHLISBERGER","Ben Roethlisberger","QB","PIT",16,317.203457007928,340.84,334.74,295.76,NA,NA,322.84,311.68,323.96,284.74,315.68,317.203457007928
"ANDYDALTON","Andy Dalton","QB","CIN",17,304.741993454142,321.26,313.22,300.18,NA,NA,305.16,294.6,322.2,298.6,306.777142857143,304.741993454142
"ALEXSMITH","Alex Smith","QB","KC",18,299.571678087854,308.96,288.66,255.58,NA,NA,312.04,318.06,319.74,307.52,300.888571428571,299.571678087854
"CARSONPALMER","Carson Palmer","QB","ARI",19,289.357667373867,318.84,321.68,273.94,NA,NA,274.62,271.7,323.3,258.3,290.491428571429,289.357667373867
"RYANTANNEHILL","Ryan Tannehill","QB","MIA",20,283.520134622419,303.98,310.76,277.78,NA,NA,264.64,278.9,315.82,294.54,290.934285714286,283.520134622419
"SAMBRADFORD","Sam Bradford","QB","STL",21,276.281535343662,300.22,318.86,225.94,NA,NA,297.2,253.5,293.7,252.56,277.205714285714,276.281535343662
"JOEFLACCO","Joe Flacco","QB","BAL",22,272.869715836755,296.22,277.16,264.3,NA,NA,260.1,270.96,284.3,271.42,274.5,272.869715836755
"ELIMANNING","Eli Manning","QB","NYG",23,269.3714177218,286.34,278.38,277.18,NA,NA,237.3,265.74,281.86,256.01,268.061428571429,269.3714177218
"JAMAALCHARLES","Jamaal Charles","RB","KC",24,264.536841136094,293.2,252.9,250.7,261.6,NA,270.6,268.3,243.8,249.5,260.508333333333,264.536841136094
"LESEANMCCOY","LeSean McCoy","RB","PHI",25,253.800425004237,280.2,238.8,246.4,257.4,NA,270,259,251.6,230.1,254.954166666667,253.800425004237
"JOHNNYMANZIEL","Johnny Manziel","QB","CLE",26,243.989041342938,294.92,195.16,205.34,NA,NA,251.5,206.3,320,288.72,251.845714285714,243.989041342938
"EJMANUEL","E.J. Manuel","QB","BUF",27,242.374618261575,245.32,227.14,212.72,NA,NA,242.52,253.62,276.12,255.18,243.674285714286,242.374618261575
"MATTFORTE","Matt Forte","RB","CHI",28,241.945482379613,258.8,238.4,240.3,243.1,NA,232.6,230.5,238.7,225.3,239.179166666667,241.945482379613
"ADRIANPETERSON","Adrian Peterson","RB","MIN",29,237.811174837943,246.6,218.6,255.4,239.7,NA,244,236.2,252,229.8,239.679166666667,237.811174837943
"JAKELOCKER","Jake Locker","QB","TEN",30,232.618609414211,284.92,245.66,194.72,NA,NA,184.32,162.16,303.14,282.02,235.451428571429,232.618609414211
"JOSHMCCOWN","Josh McCown","QB","TB",31,230.509352715737,280.4,283.74,261.3,NA,NA,219.32,197.26,210.34,194.44,234.137142857143,230.509352715737
"CALVINJOHNSON","Calvin Johnson","WR","DET",32,228.925278987425,231.8,231,238.4,227.4,NA,230.5,219.7,238.7,203.8,228.079166666667,228.925278987425
"GENOSMITH","Geno Smith","QB","NYJ",33,224.110654904527,241.74,218.78,183.86,NA,NA,203.14,231.34,216.88,250.58,219.42,224.110654904527
"EDDIELACY","Eddie Lacy","RB","GB",34,221.100909908158,244.9,195.9,218.1,220.6,NA,242.7,206.6,234.6,223.1,222.8875,221.100909908158
"DEMARYIUSTHOMAS","Demaryius Thomas","WR","DEN",35,219.674890047265,214,224.6,218,219.7,NA,233,222.9,218.3,196.4,218.879166666667,219.674890047265
"DEMARCOMURRAY","DeMarco Murray","RB","DAL",36,209.725370318349,238.2,192,195.4,208.8,NA,211.6,212.6,206.9,195.3,206.75,209.725370318349
"MARSHAWNLYNCH","Marshawn Lynch","RB","SEA",37,208.825566173775,202.3,185.4,234.4,203.8,NA,225.4,206.6,231.2,204.9,210.883333333333,208.825566173775
"MONTEEBALL","Montee Ball","RB","DEN",38,205.074810893865,235.8,194.1,187.6,211.1,NA,222.7,210.1,213.8,190.7,207.2375,205.074810893865
"DEZBRYANT","Dez Bryant","WR","DAL",39,204.849928385825,199.5,205.3,205.5,197.8,NA,220.5,194.6,215.1,206.9,205.35,204.849928385825
"JULIOJONES","Julio Jones","WR","ATL",40,198.999030157372,194.2,201.3,194.6,197.7,NA,208.7,208.1,202.6,192.82,200.399166666667,198.999030157372
"LEVEONBELL","Le'Veon Bell","RB","PIT",41,198.625171500076,205.3,187.5,197.1,201.8,NA,185.3,205.6,213.6,180,196.558333333333,198.625171500076
"AJGREEN","A.J. Green","WR","CIN",42,198.25,193.4,194.8,199.6,196.6,NA,204.7,190.7,216.3,181.8,197.304166666667,198.25
"BRANDONMARSHALL","Brandon Marshall","WR","CHI",43,195.475,188.3,195.8,195,192.6,NA,206,177.4,203,190.8,194.470833333333,195.475
"RYANFITZPATRICK","Ryan Fitzpatrick","QB","HOU",44,194.908667095721,240.84,115.52,196.6,NA,NA,208.02,183,188.32,233.74,194.411428571429,194.908667095721
"JIMMYGRAHAM","Jimmy Graham","TE","NO",45,194.812061207261,202.9,201.8,189.5,189.5,NA,220,180.6,192.5,184.2,195.325,194.812061207261
"DOUGMARTIN","Doug Martin","RB","TB",46,193.880084483972,204.3,180.4,204.8,NA,NA,202.4,194.2,196.2,180.2,193.654285714286,193.880084483972
"GIOVANIBERNARD","Giovani Bernard","RB","CIN",47,193.031517749945,231.7,188.4,182.5,199.1,NA,163.4,201.4,213.1,176,193.533333333333,193.031517749945
"ARIANFOSTER","Arian Foster","RB","HOU",48,192.697452048176,198,180.6,188.1,NA,NA,176.6,196.9,214.8,193.4,192.434285714286,192.697452048176
"MATTSCHAUB","Matt Schaub","QB","OAK",49,192.279751127759,234.12,165.42,151.1,NA,NA,249.66,244.2,207.98,115.87,195.238571428571,192.279751127759
"ZACSTACY","Zac Stacy","RB","STL",50,190.549983163421,205.9,181.7,185.4,NA,NA,184,203.3,187.4,189.7,190.102857142857,190.549983163421
"ANDREELLINGTON","Andre Ellington","RB","ARI",51,187.675204994262,196,170,168.4,NA,NA,211,192.1,191.6,186,187.26,187.675204994262
"JORDYNELSON","Jordy Nelson","WR","GB",52,184.350435595247,187.2,192,188.6,185.3,NA,183.8,169.9,190,168.2,183.1125,184.350435595247
"TOBYGERHART","Toby Gerhart","RB","JAC",53,184.125298048504,195.4,174.7,154.4,NA,NA,200.6,218.4,175.5,174.2,183.742857142857,184.125298048504
"ALFREDMORRIS","Alfred Morris","RB","WAS",54,183.375112988678,206.2,186.1,188.9,NA,NA,172.8,183.6,192.3,175.3,184.92,183.375112988678
"ANTONIOBROWN","Antonio Brown","WR","PIT",55,182.175003232918,185.5,171.5,190.2,185.5,NA,181,187.6,189.9,164.86,182.668333333333,182.175003232918
"ALSHONJEFFERY","Alshon Jeffery","WR","CHI",56,181.425,182.5,169.6,190.9,186.6,NA,181.4,175.4,187.6,175.01,183.864166666667,181.425
"RANDALLCOBB","Randall Cobb","WR","GB",57,170.974986474609,169.2,157.3,183.6,175.8,NA,165.6,163.1,179.3,161.26,171.689166666667,170.974986474609
"FRANKGORE","Frank Gore","RB","SF",58,169.425237363148,171.1,149.1,173.3,NA,NA,196.2,174.8,178.5,161.3,171.305714285714,169.425237363148
"VINCENTJACKSON","Vincent Jackson","WR","TB",59,169.424058965316,169.5,161.8,172.7,NA,NA,177.9,160.9,182.2,153,169.211428571429,169.424058965316
"REGGIEBUSH","Reggie Bush","RB","DET",60,167.822810974377,180.6,154.5,184,NA,NA,173.3,144.6,192.4,137.5,165.242857142857,167.822810974377
"RYANMATHEWS","Ryan Mathews","RB","SD",61,167.552020896949,179.8,167.9,166.1,NA,NA,162,160,183.1,159.1,167.445714285714,167.552020896949
"CJSPILLER","C.J. Spiller","RB","BUF",62,167.459436852918,178.3,151.3,167.7,NA,NA,182.6,153,180,160.9,166.617142857143,167.459436852918
"ANDREJOHNSON","Andre Johnson","WR","HOU",63,166.650338494087,164.4,157.9,178.7,NA,NA,178,144.9,182.2,150,165.865714285714,166.650338494087
"BISHOPSANKEY","Bishop Sankey","RB","TEN",64,164.550046590648,191.3,165,129.6,NA,NA,190.1,191.4,169.6,133.2,166.422857142857,164.550046590648
"RASHADJENNINGS","Rashad Jennings","RB","NYG",65,163.175507013784,165.9,150.3,159.8,NA,NA,159.2,188.3,184.5,149.5,164.597142857143,163.175507013784
"TEDDYBRIDGEWATER","Teddy Bridgewater","QB","MIN",66,162.672857148321,274.34,247.38,120.1,NA,NA,145.5,82.7,163.9,124.67,165.007142857143,162.672857148321
"RAYRICE","Ray Rice","RB","BAL",67,161.971113910526,169.3,152.3,165.1,NA,NA,144.5,184.3,161.5,146.1,160.142857142857,161.971113910526
"JOIQUEBELL","Joique Bell","RB","DET",68,161.550082376204,185,155.2,164.9,NA,NA,151.3,170.2,166.3,144.1,161.314285714286,161.550082376204
"TRENTRICHARDSON","Trent Richardson","RB","IND",69,161.000197776731,172,143.3,173.3,NA,NA,169.3,177.4,159.2,144.2,161.671428571429,161.000197776731
"LARRYFITZGERALD","Larry Fitzgerald","WR","ARI",70,160.937178067739,175.1,164.1,154.8,NA,NA,157.5,146.4,175.8,155.12,161.975428571429,160.937178067739
"CHADHENNE","Chad Henne","QB","JAC",71,159.60624611643,219.74,79.6,147.3,NA,NA,167.54,157.64,173.58,183.29,160.635714285714,159.60624611643
"CHRISJOHNSON","Chris Johnson","RB","NYJ",72,159.052909472184,164,147.1,161.2,NA,NA,178,175.9,163.4,141.3,160.602857142857,159.052909472184
"MICHAELCRABTREE","Michael Crabtree","WR","SF",73,156.700325379119,171.4,168.5,141.5,NA,NA,161.6,151.6,170,127.48,155.924571428571,156.700325379119
"PIERREGARCON","Pierre Garcon","WR","WAS",74,156.535619533685,167.6,154.3,150.8,NA,NA,158.2,142,178.9,147.35,157.098571428571,156.535619533685
"KEENANALLEN","Keenan Allen","WR","SD",75,156.303804326021,159.3,152.9,152.5,NA,NA,160.2,160.9,176.9,151.1,158.622857142857,156.303804326021
"CORDARRELLEPATTERSON","Cordarrelle Patterson","WR","MIN",76,156.30029881332,131.5,135.9,139.8,NA,NA,176.6,159.6,177.6,139.07,156.625428571429,156.30029881332
"ROBGRONKOWSKI","Rob Gronkowski","TE","NE",77,155.70250288596,161.4,162.3,140,140,NA,197.1,121.7,147.3,166,154.590833333333,155.70250288596
"JULIUSTHOMAS","Julius Thomas","TE","DEN",78,155.599996787957,157.1,158.3,164.3,164.3,NA,169.5,155.5,146.8,128,155.416666666667,155.599996787957
"BENTATE","Ben Tate","RB","CLE",79,155.224870834694,166.7,140.6,175.7,NA,NA,174.6,142.2,158.9,124.6,153.38,155.224870834694
"VICTORCRUZ","Victor Cruz","WR","NYG",80,154.850120934632,152.3,143.1,146.2,NA,NA,177.9,164.6,178.2,151.5,159.371428571429,154.850120934632
"RODDYWHITE","Roddy White","WR","ATL",81,154.647637253403,160.1,145.6,142.4,NA,NA,161.6,159.9,168.1,147.3,154.548571428571,154.647637253403
"WESWELKER","Wes Welker","WR","DEN",82,149.364290191794,155.3,143.8,135.8,NA,NA,160.3,144.7,167.6,142.8,149.694285714286,149.364290191794
"MICHAELFLOYD","Michael Floyd","WR","ARI",83,146.25,155.8,149.8,137.6,NA,NA,134.7,159.7,153.4,142.5,147.54,146.25
"SHANEVEREEN","Shane Vereen","RB","NE",84,145.321091245192,180.6,159.4,148.3,NA,NA,110.5,138,161.6,136,147.228571428571,145.321091245192
"TORREYSMITH","Torrey Smith","WR","BAL",85,144.562961190081,137.3,140.5,142.8,NA,NA,168,147.8,151.9,137.7,146.72,144.562961190081
"DESEANJACKSON","DeSean Jackson","WR","WAS",86,144.532377044468,136.6,141.3,147.7,NA,NA,152.6,132.2,155.9,141.83,144.363142857143,144.532377044468
"PERCYHARVIN","Percy Harvin","WR","SEA",87,144.024934607867,132.8,113.8,129.7,NA,NA,132.9,169.2,157.2,131,142.708571428571,144.024934607867
"MIKEWALLACE","Mike Wallace","WR","MIA",88,140.175300407678,132.4,134.7,131.7,NA,NA,133.3,139.5,153.4,147.41,139.750571428571,140.175300407678
"LAMARMILLER","Lamar Miller","RB","MIA",89,140.000209053056,156.6,134.4,84.1,NA,NA,148,122.7,150.5,147.4,134.34,140.000209053056
"PIERRETHOMAS","Pierre Thomas","RB","NO",90,138.375146924521,149.7,132.5,120.9,NA,NA,148.6,137.1,140.3,128.4,136.471428571429,138.375146924521
"FREDJACKSON","Fred Jackson","RB","BUF",91,138.01029354235,149.9,134.2,114.9,NA,NA,168,132.4,146.6,122.6,137.782857142857,138.01029354235
"VERNONDAVIS","Vernon Davis","TE","SF",92,137.421958824085,126.2,151.5,149.5,149.5,NA,152.5,125.7,133.9,101.7,136.170833333333,137.421958824085
"STEVANRIDLEY","Stevan Ridley","RB","NE",93,136.175084846678,170,128.2,164.7,NA,NA,131.8,141.5,130.4,131.64,141.377142857143,136.175084846678
"STEVENJACKSON","Steven Jackson","RB","ATL",94,136.071401187488,148.9,115.4,151.8,NA,NA,78,122,148.5,149,130.097142857143,136.071401187488
"MARQUESCOLSTON","Marques Colston","WR","NO",95,135.975297607784,128.5,133.8,126.7,NA,NA,133.5,148.7,138.7,139.6,135.294285714286,135.975297607784
"JEREMYMACLIN","Jeremy Maclin","WR","PHI",96,135.875288832477,132.6,134.7,129.5,NA,NA,164.4,156,141.7,115,138.871428571429,135.875288832477
"TYHILTON","T.Y. Hilton","WR","IND",97,135.69470801435,126.5,126.9,141.3,NA,NA,127.3,148.8,150.3,136.56,137.166285714286,135.69470801435
"MAURICEJONESDREW","Maurice Jones-Drew","RB","OAK",98,135.602771350117,148.8,131.1,123.9,NA,NA,128.5,139.4,152,124.4,134.9,135.602771350117
"JULIANEDELMAN","Julian Edelman","WR","NE",99,135.512110522866,140.4,129.1,138.9,NA,NA,123.1,130.6,150.6,138.67,136.816857142857,135.512110522866
"EMMANUELSANDERS","Emmanuel Sanders","WR","DEN",100,133.29186390436,141.8,150.6,129,NA,NA,126.3,120.5,146.9,133.02,135.486857142857,133.29186390436
"ERICDECKER","Eric Decker","WR","NYJ",101,132.925407400283,124.5,130.8,130.7,NA,NA,166.2,119.7,150.3,135.8,137.177142857143,132.925407400283
"KENDALLWRIGHT","Kendall Wright","WR","TEN",102,130.920464605095,136.5,128.8,129.9,NA,NA,121.8,126.5,152,138.99,133.303714285714,130.920464605095
"GOLDENTATE","Golden Tate","WR","DET",103,129.330043337051,146.6,136.5,139.1,NA,NA,117.4,102.5,137.3,122.27,129.139714285714,129.330043337051
"JORDANCAMERON","Jordan Cameron","TE","CLE",104,128.850000015079,108.4,134,129.9,129.9,NA,124.9,120.5,130,130.3,126.679166666667,128.850000015079
"REGGIEWAYNE","Reggie Wayne","WR","IND",105,127.507084132726,117.3,120.8,134.8,NA,NA,146,111.4,141.8,113.36,127.149142857143,127.507084132726
"TERRANCEWILLIAMS","Terrance Williams","WR","DAL",106,126.83086262946,137.5,131.3,130.7,NA,NA,120,109.5,136,133.56,128.494857142857,126.83086262946
"SAMMYWATKINS","Sammy Watkins","WR","BUF",107,126.603541057448,118.3,128.9,129.5,NA,NA,150,112.2,136.7,116.5,127.534285714286,126.603541057448
"JASONWITTEN","Jason Witten","TE","DAL",108,125.842612859011,128.2,129.3,123.8,123.8,NA,126,110.4,131.8,121.8,124.429166666667,125.842612859011
"DEANGELOWILLIAMS","DeAngelo Williams","RB","CAR",109,125.766303980096,130.4,121.2,126.4,NA,NA,150.8,124.2,139.1,91.1,125.451428571429,125.766303980096
"DANNYWOODHEAD","Danny Woodhead","RB","SD",110,125.361538359738,135.5,108.9,127.9,NA,NA,125,115.1,137,120.6,123.96,125.361538359738
"DENNISPITTA","Dennis Pitta","TE","BAL",111,122.528518102914,128.8,120.8,128,128,NA,130.5,104.5,129.2,101.9,121.5875,122.528518102914
"DWAYNEBOWE","Dwayne Bowe","WR","KC",112,118.45,110.2,101.7,103.3,NA,NA,120.6,124.4,142.8,119.7,118.122857142857,118.45
"GREGOLSEN","Greg Olsen","TE","CAR",113,117.565737348421,106.7,116.1,114.2,114.2,NA,115.1,117.4,125.1,121.3,116.220833333333,117.565737348421
"JORDANREED","Jordan Reed","TE","WAS",114,117.474611744432,118.5,115.5,104.9,104.9,NA,142.5,120.5,129,102.9,118.104166666667,117.474611744432
"RUEBENRANDLE","Rueben Randle","WR","NYG",115,116.499993020083,120.2,128,97.5,NA,NA,109,108.7,127,128.1,116.557142857143,116.499993020083
"CECILSHORTS","Cecil Shorts","WR","JAC",116,116.134649784694,98.2,104.2,118.2,NA,NA,138,118,121.5,117.8,116.557142857143,116.134649784694
"BERNARDPIERCE","Bernard Pierce","RB","BAL",117,115.99999852903,141.2,107.5,81.6,NA,NA,117,92.3,132.5,115.1,112.391428571429,115.99999852903
"MATTCASSEL","Matt Cassel","QB","MIN",118,114.831334011059,49.76,50.54,134.28,NA,NA,109,159.9,173.92,156.52,118.591428571429,114.831334011059
"KYLERUDOLPH","Kyle Rudolph","TE","MIN",119,114.500220177924,110.8,118.7,105.6,105.6,NA,137.5,110.5,114.2,99.3,112.9,114.500220177924
"RILEYCOOPER","Riley Cooper","WR","PHI",120,113.75037279736,108.3,114.6,111.6,NA,NA,111.2,NA,140.5,96.2,114.511666666667,113.75037279736
"TERRANCEWEST","Terrance West","RB","CLE",121,112.724725507174,151.9,126.5,89.7,NA,NA,88.1,100.2,130.9,104,112.922857142857,112.724725507174
"BRIANHARTLINE","Brian Hartline","WR","MIA",122,112.499763141538,97.6,NA,90.6,NA,NA,108.5,126,127.8,115.6,110.6,112.499763141538
"BRANDINCOOKS","Brandin Cooks","WR","NO",123,112.26374349526,121.5,126.3,91.8,NA,NA,106.1,87.7,150.6,114.09,114.200857142857,112.26374349526
"MIKEEVANS","Mike Evans","WR","TB",124,111.939360276775,117.5,122,102.2,NA,NA,100,86.6,126.6,115.2,109.871428571429,111.939360276775
"DEANDREHOPKINS","DeAndre Hopkins","WR","HOU",125,110.225181450066,100.2,101.2,121,NA,NA,112.2,105.7,130.7,118.8,112.611428571429,110.225181450066
"KELVINBENJAMIN","Kelvin Benjamin","WR","CAR",126,110.075185567312,117.8,120.5,93.1,NA,NA,109.1,108.4,110,116.5,110.697142857143,110.075185567312
"KNOWSHONMORENO","Knowshon Moreno","RB","MIA",127,109.025297457119,115.9,93.9,131,NA,NA,95,120.2,125.1,88,109.28,109.025297457119
"GREGJENNINGS","Greg Jennings","WR","MIN",128,107.832441658069,87.1,98.5,99.2,NA,NA,131.3,98.7,120,119.8,107.725714285714,107.832441658069
"DARRENMCFADDEN","Darren McFadden","RB","OAK",129,107.250085034515,106.5,80.6,80.6,NA,NA,122.4,114,127.7,113.4,105.662857142857,107.250085034515
"JEREMYHILL","Jeremy Hill","RB","CIN",130,107.18315146583,135.3,88.9,97.4,NA,NA,115.8,104.2,85.1,115.47,105.538571428571,107.18315146583
"ANQUANBOLDIN","Anquan Boldin","WR","SF",131,106.506577857852,101.5,107.2,122.1,NA,NA,101.8,103.7,125.7,97.18,108.538857142857,106.506577857852
"JUSTINHUNTER","Justin Hunter","WR","TEN",132,105.912187206607,112.2,115.4,96.2,NA,NA,91,86,128.3,115.49,106.415142857143,105.912187206607
"DOUGBALDWIN","Doug Baldwin","WR","SEA",133,105.168435291431,96.4,113.5,84,NA,NA,119.3,95.5,122.2,100.49,104.758,105.168435291431
"KENNYSTILLS","Kenny Stills","WR","NO",134,104.872889488901,113.8,103.5,82.7,NA,NA,94.6,105.7,113.9,106.5,103.317142857143,104.872889488901
"DARRENSPROLES","Darren Sproles","RB","PHI",135,104.150626362486,118,95.9,101.4,NA,NA,108.5,95.6,134,89.1,105.617142857143,104.150626362486
"JARRETTBOYKIN","Jarrett Boykin","WR","GB",136,103.675071825857,115.2,104.1,92,NA,NA,101.6,103.7,109.1,105.5,104.445714285714,103.675071825857
"HAKEEMNICKS","Hakeem Nicks","WR","IND",137,103.344574208174,99.4,108.1,100.1,NA,NA,102.8,79,122.5,97.6,101.488571428571,103.344574208174
"ZACHERTZ","Zach Ertz","TE","PHI",138,102.35,110.6,119.2,88.6,NA,NA,106.4,97.1,106.1,97.4,103.382857142857,102.35
"DANNYAMENDOLA","Danny Amendola","WR","NE",139,101.949962913463,92.3,89.4,100.7,NA,NA,112.5,117.8,123.9,48.17,97.6968571428572,101.949962913463
"TAVONAUSTIN","Tavon Austin","WR","STL",140,101.130024631204,88.7,91,88.5,NA,NA,72,118.1,127.8,83.51,99.5677142857143,101.130024631204
"MARTELLUSBENNETT","Martellus Bennett","TE","CHI",141,100.475197134908,104.3,98.2,103.5,NA,NA,85.7,101.2,113.7,108.8,102.057142857143,100.475197134908
"JAMESJONES","James Jones","WR","OAK",142,99.350106162952,87.4,89.3,100.3,NA,NA,141.4,107.6,112.1,88.8,103.611428571429,99.350106162952
"CHARLESCLAY","Charles Clay","TE","MIA",143,98.949459321401,83.1,99.8,98.4,NA,NA,105.4,100.7,112.5,93.19,99.8453571428571,98.949459321401
"CHRISIVORY","Chris Ivory","RB","NYJ",144,98.0499879878183,118.6,77.6,91.8,NA,NA,117.3,91.8,118.5,89.38,100.314285714286,98.0499879878183
"ANDREWILLIAMS","Andre Williams","RB","NYG",145,97.8511039449532,149.6,108.5,64,NA,NA,110.3,65.4,126,89.72,101.408571428571,97.8511039449532
"MARKUSWHEATON","Markus Wheaton","WR","PIT",146,97.5484083715806,90.4,92.3,90.6,NA,NA,104.5,61.2,116.5,120.29,96.6722857142857,97.5484083715806
"KHIRYROBINSON","Khiry Robinson","RB","NO",147,97.355,134,93.5,100.7,NA,NA,62,112.9,118.6,64.12,97.9171428571429,97.355
"ROBERTWOODS","Robert Woods","WR","BUF",148,96.2747205998784,78.7,100.3,73.6,NA,NA,119.4,94.6,117.7,83.74,95.7108571428572,96.2747205998784
"LADARIUSGREEN","Ladarius Green","TE","SD",149,96.1463066375623,97.1,109.5,82.4,NA,NA,109.5,88.4,104,87.7,97.0514285714286,96.1463066375623
"HEATHMILLER","Heath Miller","TE","PIT",150,95.5002704542579,105.3,102.5,75.2,NA,NA,93.3,98.2,98.7,93.8,94.9028571428572,95.5002704542579
"HARRYDOUGLAS","Harry Douglas","WR","ATL",151,95.075,91.4,115.4,77.7,NA,NA,87.9,101.5,103.4,95.1,95.8085714285714,95.075
"DELANIEWALKER","Delanie Walker","TE","TEN",152,94.8144941227852,94.7,96.4,89.8,NA,NA,98.5,93.6,103,93.9,95.5571428571428,94.8144941227852
"STEVESMITH","Steve Smith","WR","BAL",153,94.6517066073303,88.7,97.4,97.6,NA,NA,91.5,96.7,113.1,90.2,96.12,94.6517066073303
"KENNYBRITT","Kenny Britt","WR","STL",154,94.1246137444024,94.2,95.1,76.5,NA,NA,59.5,85.3,116,113.9,91.4371428571429,94.1246137444024
"CARLOSHYDE","Carlos Hyde","RB","SF",155,92.185,137.2,94.5,78.3,NA,NA,85.4,61.8,125,85.14,94.9057142857143,92.185
"ANTONIOGATES","Antonio Gates","TE","SD",156,91.8152128959128,91.7,106.8,84.4,NA,NA,89.7,100.2,100.6,79.2,92.9714285714286,91.8152128959128
"RODSTREATER","Rod Streater","WR","OAK",157,91.666205223399,106.3,103.1,81.4,NA,NA,86.6,75.5,98.7,93.69,91.9951428571429,91.666205223399
"ANDREWHAWKINS","Andrew Hawkins","WR","CLE",158,90.6595742081744,85.7,91.7,85,NA,NA,82.2,81.3,105.2,90.39,89.2808571428571,90.6595742081744
"JERRICHOCOTCHERY","Jerricho Cotchery","WR","CAR",159,90.3746995923222,85.4,88.5,87.9,NA,NA,118.5,73.6,106.5,84.7,91.98,90.3746995923222
"DEVONTAFREEMAN","Devonta Freeman","RB","ATL",160,90.1501324255967,140.1,110.3,57.2,NA,NA,88.5,66.8,109.3,80.9,92.8428571428572,90.1501324255967
"MARKINGRAM","Mark Ingram","RB","NO",161,89.3555347153502,105,70.2,78.8,NA,NA,99.4,69,129.2,102.4,93.1457142857143,89.3555347153502
"MARQISELEE","Marqise Lee","WR","JAC",162,89.1252463807905,90.8,94.8,85.4,NA,NA,94.8,64.5,99.4,99.9,89.5657142857143,89.1252463807905
"AARONDOBSON","Aaron Dobson","WR","NE",163,88.8974993148066,90.5,47.7,91.2,NA,NA,98.1,72.5,114.3,94.8,87.02,88.8974993148066
"NATEWASHINGTON","Nate Washington","WR","TEN",164,87.924459321401,84.3,76.4,72,NA,NA,112.8,69.1,96.3,94.3,86.32,87.924459321401
"MARVINJONES","Marvin Jones","WR","CIN",165,87.5502995381657,83.4,93.9,77.1,NA,NA,95,74,81.2,97.21,86.9762857142857,87.5502995381657
"MICHAELVICK","Michael Vick","QB","NYJ",166,87.2933124192815,97.48,93.5,163.52,NA,NA,16.1,46.6,169.28,9.97,85.3271428571429,87.2933124192815
"LEGARRETTEBLOUNT","LeGarrette Blount","RB","PIT",167,87.1001943483197,133.3,NA,64.2,NA,NA,106.3,65.3,101.1,63.75,87.8083333333333,87.1001943483197
"DWAYNEALLEN","Dwayne Allen","TE","IND",168,87.0247594958722,86.5,94.5,59.1,NA,NA,98.9,91.3,93.8,69.3,84.9228571428571,87.0247594958722
"ODELLBECKHAM","Odell Beckham","WR","NYG",169,86.9107411640246,78.4,87.4,84.1,NA,NA,89.5,84.6,89.9,89.3,86.3457142857143,86.9107411640246
"MALCOMFLOYD","Malcom Floyd","WR","SD",170,86.1251303285873,84.2,79.6,86.8,NA,NA,86.5,66.5,107.7,91.4,86.1057142857143,86.1251303285873
"ANDREHOLMES","Andre Holmes","WR","OAK",171,84.9179158672744,93.7,84.8,58.3,NA,NA,85.9,69.1,102.4,99.4,84.92,84.9179158672744
"JORDANMATTHEWS","Jordan Matthews","WR","PHI",172,84.4000062879248,NA,106.5,69.3,NA,NA,87.9,62.9,103,88.2,86.0366666666667,84.4000062879248
"MILESAUSTIN","Miles Austin","WR","CLE",173,83.4500632122434,74.5,84.7,44.1,NA,NA,129.4,82.5,110.1,79.5,86.2228571428572,83.4500632122434
"JAREDCOOK","Jared Cook","TE","STL",174,83.0000127477976,77.1,94.2,71.7,NA,NA,87.5,88.4,94.1,80.3,84.4285714285714,83.0000127477976
"GARRETTGRAHAM","Garrett Graham","TE","HOU",175,82.4998471711001,77.3,85.6,51.8,NA,NA,100.6,79.5,91.2,79.3,80.74,82.4998471711001
"SHONNGREENE","Shonn Greene","RB","TEN",176,82.3414538478813,NA,62.6,86,NA,NA,69.5,87.7,111.7,99.62,85.72,82.3414538478813
"LANCEDUNBAR","Lance Dunbar","RB","DAL",177,82.2753622958247,82.5,70.8,48.6,NA,NA,74.5,98.4,88.9,92.8,79.1457142857143,82.2753622958247
"DONNIEAVERY","Donnie Avery","WR","KC",178,80.2900951120427,77.4,73.3,82.4,NA,NA,76.4,70.9,95.6,81.93,79.746,80.2900951120427
"ERICEBRON","Eric Ebron","TE","DET",179,79.75,84.1,96.6,71.6,NA,NA,72,66.5,91,77.7,79.8085714285714,79.75
"JEREMYKERLEY","Jeremy Kerley","WR","NYJ",180,79.4318267888975,77.4,74.8,75.5,NA,NA,79.9,64.9,80.4,79.27,75.9597142857143,79.4318267888975
"JONATHANSTEWART","Jonathan Stewart","RB","CAR",181,79.3276039722235,76.7,60,57.6,NA,NA,81.7,94.1,100.8,81.7,78.6914285714286,79.3276039722235
"RONNIEHILLMAN","Ronnie Hillman","RB","DEN",182,79.0525037641804,106,66,48.1,NA,NA,77.3,86.1,85.2,63.8,75.3285714285714,79.0525037641804
"KNILEDAVIS","Knile Davis","RB","KC",183,78.1749615794897,82.4,76.8,67.3,NA,NA,81.9,67.6,102.8,61.1,76.58,78.1749615794897
"MIKEWILLIAMS","Mike Williams","WR","BUF",184,78.125,71.1,79.6,88.4,NA,NA,68.1,63.3,105,70.5,77.72,78.125
"ROYHELU","Roy Helu","RB","WAS",185,77.4747435809065,79.2,59.6,91.1,NA,NA,83.5,57.3,84.9,68.5,74.4142857142857,77.4747435809065
"TYLEREIFERT","Tyler Eifert","TE","CIN",186,76.475,79.4,63.1,68.5,NA,NA,82.5,77.1,95,67.1,76.2085714285714,76.475
"LANCEMOORE","Lance Moore","WR","PIT",187,75.4246797045536,73.1,80.7,72.2,NA,NA,69.3,94.5,77,66.7,76.02,75.4246797045536
"MIKETOLBERT","Mike Tolbert","RB","CAR",188,74.7902898341844,80.6,64.3,74,NA,NA,85.1,81.4,79.7,63.9,75.6085714285714,74.7902898341844
"DEXTERMCCLUSTER","Dexter McCluster","RB","TEN",189,74.6500092690269,103.9,77.8,83.3,NA,NA,38.4,62.4,NA,68.4,71.8166666666667,74.6500092690269
"MARCEDESLEWIS","Marcedes Lewis","TE","JAC",190,73.9252681921171,75.3,82.7,48.8,NA,NA,73.9,69,78,78.5,72.2857142857143,73.9252681921171
"ANDREROBERTS","Andre Roberts","WR","WAS",191,73.6434622994643,71.5,72.2,80.2,NA,NA,53.3,60.2,79.9,84.05,71.7014285714286,73.6434622994643
"CHRISTINEMICHAEL","Christine Michael","RB","SEA",192,73.4452871021261,126.9,92.3,65,NA,NA,54.8,41,114,41.44,76.2057142857143,73.4452871021261
"MOHAMEDSANU","Mohamed Sanu","WR","CIN",193,73.1311008530759,83.5,84.2,68.9,NA,NA,69.4,66.9,70.7,63.71,72.8391428571429,73.1311008530759
"AHMADBRADSHAW","Ahmad Bradshaw","RB","IND",194,72.6766033338341,80.8,62.2,50.9,NA,NA,94.4,56.2,106.3,88.1,76.4314285714286,72.6766033338341
"CHRISGIVENS","Chris Givens","WR","STL",195,71.2838148293277,80.4,48.4,76.2,NA,NA,105.5,69.5,103.7,14.31,71.1791428571428,71.2838148293277
"BLAKEBORTLES","Blake Bortles","QB","JAC",196,70.5585820945778,58.46,168.76,67.26,NA,NA,68.5,76.66,60.96,61.85,80.53,70.5585820945778
"STEPFANTAYLOR","Stepfan Taylor","RB","ARI",197,70.4515844915882,103.2,89.2,40.1,NA,NA,93.7,56.7,72,65,73.7942857142857,70.4515844915882
"BRANDONLAFELL","Brandon LaFell","WR","NE",198,70.4247962884264,77.6,66.4,86.1,NA,NA,64.5,20.9,71.2,64.1,64.3942857142857,70.4247962884264
"SCOTTCHANDLER","Scott Chandler","TE","BUF",199,70.2695945166049,73.6,78.1,55.9,NA,NA,84.1,76.2,64.9,65.8,70.7257142857143,70.2695945166049
"BRIANHOYER","Brian Hoyer","QB","CLE",200,70.0199821841752,46.56,75.38,82.82,NA,NA,24.8,68.06,181.38,NA,79,70.0199821841752
"TIMOTHYWRIGHT","Timothy Wright","TE","TB",201,68.575,57.4,80.5,NA,NA,NA,NA,NA,65.2,NA,67.7,68.575
"STEVEJOHNSON","Steve Johnson","WR","SF",202,68.55,81.5,56.1,83,NA,NA,NA,50.6,81.4,NA,69.8,68.55
"JAMESWHITE","James White","RB","NE",203,68.5225955176931,102.8,68.1,41.9,NA,NA,59.3,55.5,62.2,78.19,66.8128571428571,68.5225955176931
"COBYFLEENER","Coby Fleener","TE","IND",204,68.4996638107768,78.1,53.4,73.3,NA,NA,54.5,56.5,82.1,71,67.8085714285714,68.4996638107768
"JAMESSTARKS","James Starks","RB","GB",205,68.475,84.6,65.1,65.2,NA,NA,80.6,55.9,96.3,54.78,71.4857142857143,68.475
"JERMAINEKEARSE","Jermaine Kearse","WR","SEA",206,68.2603492380851,38.6,59,67.2,NA,NA,72.7,59.7,92,77.3,66.6428571428571,68.2603492380851
"NATEBURLESON","Nate Burleson","WR","CLE",207,67.589095726582,63.4,58.2,64,NA,NA,79.1,75.5,79,49,66.72,67.589095726582
"JONATHANGRIMES","Jonathan Grimes","RB","HOU",208,67.5500256222863,105,75.8,41.5,NA,NA,65.1,64.3,96.5,50.6,70.8228571428571,67.5500256222863
"JACQUIZZRODGERS","Jacquizz Rodgers","RB","ATL",209,66.9756006932572,64.7,52.7,49.2,NA,NA,88.9,67.3,79,66.4,66.4857142857143,66.9756006932572
"EDDIEROYAL","Eddie Royal","WR","SD",210,66.8175560095812,71.2,37,62.4,NA,NA,90.2,56.6,81.9,55.11,65.0077142857143,66.8175560095812
"LEVINETOILOLO","Levine Toilolo","TE","ATL",211,66.4499961861209,65.1,67.4,NA,NA,NA,62.5,48.7,78.5,69.2,65.3466666666667,66.4499961861209
"TRAVISKELCE","Travis Kelce","TE","KC",212,66.4497413211784,83.1,59.7,48.5,NA,NA,59.5,59.6,72.7,77.7,65.8114285714286,66.4497413211784
"MYCHALRIVERA","Mychal Rivera","TE","OAK",213,63.8747649747735,71.7,75,59.4,NA,NA,39,59.5,70.9,61,62.3228571428571,63.8747649747735
"STEVIEJOHNSON","Stevie Johnson","WR","SF",214,63.85,NA,NA,NA,NA,NA,65.8,NA,NA,61.7,63.85,63.85
"JACEAMARO","Jace Amaro","TE","NYJ",215,63.7000668800783,80.4,75.2,55.6,NA,NA,80.8,15.6,62,43.2,58.8342857142857,63.7000668800783
"JEROMESIMPSON","Jerome Simpson","WR","MIN",216,63.6002895245266,75.1,64.8,75.2,NA,NA,65.8,34.7,74.2,47,62.0228571428571,63.6002895245266
"EARLBENNETT","Earl Bennett","WR","CLE",217,63.55,50.9,NA,NA,NA,NA,NA,NA,76.2,NA,63.55,63.55
"ZACHMILLER","Zach Miller","TE","SEA",218,63.2498499400386,72.2,50.1,45,NA,NA,67.2,63.5,75.9,55,61.2057142857143,63.2498499400386
"KENBRELLTHOMPKINS","Kenbrell Thompkins","WR","NE",219,63.1,60.2,74.2,71.8,NA,NA,54.1,NA,72.1,21.8,59.02,63.1
"BRANDONGIBSON","Brandon Gibson","WR","MIA",220,61.9002337773353,65.4,54.1,NA,NA,NA,44.5,47,76.4,80.5,61.43,61.9002337773353
"MARLONBROWN","Marlon Brown","WR","BAL",221,61.5246506954636,73.4,38.1,60.3,NA,NA,73.7,12.1,74.6,51.1,54.7342857142857,61.5246506954636
"DENARIUSMOORE","Denarius Moore","WR","OAK",222,60.8252048838525,84.1,50.7,85.1,NA,NA,74.4,34.7,79.3,31.3,62.32,60.8252048838525
"DONALDBROWN","Donald Brown","RB","SD",223,60.6755162066706,80.9,55.5,72.4,NA,NA,62.3,50.4,49.9,66.2,62.4457142857143,60.6755162066706
"AUSTINPETTIS","Austin Pettis","WR","STL",224,60.5500010268899,55.8,64.1,NA,NA,NA,65.3,7.9,70.8,NA,43.9833333333333,60.5500010268899
"BRIANQUICK","Brian Quick","WR","STL",225,60.3499264530972,54.1,80.3,NA,NA,NA,52.5,44.9,43.9,76.2,58.6966666666667,60.3499264530972
"BRENTCELEK","Brent Celek","TE","PHI",226,60.25,74.2,58.7,47.5,NA,NA,70.3,61.6,73.2,47.2,61.4485714285714,60.25
"MARCELREECE","Marcel Reece","RB","OAK",227,59.9063846885295,57.9,55.3,67.4,NA,NA,53.5,NA,55.7,54.12,57.3066666666667,59.9063846885295
"ALLENROBINSON","Allen Robinson","WR","JAC",228,57.875,86.4,34.5,49.1,NA,NA,74.5,31.5,61.3,71.4,57.8942857142857,57.875
"JERMAINEGRESHAM","Jermaine Gresham","TE","CIN",229,57.8251661490222,71.1,51.4,50.4,NA,NA,87.5,50.8,69,45.5,59.82,57.8251661490222
"JERRELJERNIGAN","Jerrel Jernigan","WR","NYG",230,57.5320556125748,79.4,NA,59.2,NA,NA,54.1,14.6,74.1,34.58,52.9926666666667,57.5320556125748
"BRANDONBOSTICK","Brandon Bostick","TE","GB",231,56.2499966593179,NA,68.3,45.4,NA,NA,60.5,43,NA,61.7,55.5933333333333,56.2499966593179
"TEDGINN","Ted Ginn","WR","ARI",232,56.1715320310206,64.5,44.4,66,NA,NA,81.7,23.7,66.2,37.4,55.3171428571429,56.1715320310206
"AUSTINSEFERIANJENKINS","Austin Seferian-Jenkins","TE","RIA",233,55.8500836743858,75.7,37.1,64.5,NA,NA,73.2,23.7,68.9,44,55.37,55.8500836743858
"JORDANTODMAN","Jordan Todman","RB","JAC",234,55.525,69.8,34.2,73.4,NA,NA,52.1,15.8,57.2,56.9,50.9657142857143,55.525
"JOHNBROWN","John Brown","WR","ARI",235,55.0996262384989,54.2,103.5,NA,NA,NA,38.5,47.7,NA,62.42,51.08,55.0996262384989
"TREMASON","Tre Mason","RB","STL",236,54.478863961531,101.5,80.7,77,NA,NA,33,37.4,67.4,20.77,59.3042857142857,54.478863961531
"JEFFCUMBERLAND","Jeff Cumberland","TE","NYJ",237,54.3498526377298,64.6,42.7,NA,NA,NA,58,43.3,69,46.7,54.0366666666667,54.3498526377298
"KADEEMCAREY","Ka'Deem Carey","RB","CHI",238,54.3,68.7,NA,59.4,NA,NA,50.8,51.9,52.3,43.7,53.8833333333333,54.3
"GREGLITTLE","Greg Little","WR","OAK",239,53.5502980965034,67.4,35.3,45,NA,NA,39.7,NA,78.1,NA,53.1,53.5502980965034
"JOSHGORDON","Josh Gordon","WR","CLE",240,53.4632501016481,NA,NA,57.4,NA,NA,NA,47,66.8,NA,42.8,53.4632501016481
"CJANDERSON","C.J. Anderson","RB","DEN",241,53.2413838185965,71,38.2,74.6,NA,NA,21.7,57,73.9,51.58,55.1171428571429,53.2413838185965
"BRANDONPETTIGREW","Brandon Pettigrew","TE","DET",242,53.1,61.9,NA,43.7,NA,NA,46.5,51.5,56.1,52.7,51.6833333333333,53.1
"JERMICHAELFINLEY","Jermichael Finley","TE","FA",243,52.65,59.8,NA,43.3,NA,NA,NA,49.4,58.1,NA,52.65,52.65
"CASEKEENUM","Case Keenum","QB","HOU",244,52.455,NA,NA,NA,NA,NA,1.56,67.58,54.34,NA,41.16,52.455
"COLEBEASLEY","Cole Beasley","WR","DAL",245,52.3752463807905,69.2,42.2,54.3,NA,NA,62.3,34.9,59.2,44.3,52.2,52.3752463807905
"JACOBYJONES","Jacoby Jones","WR","BAL",246,52.1502297973595,56.5,47.8,NA,NA,NA,46.4,59.5,71.8,27.98,44.3731428571429,52.1502297973595
"DEREKCARR","Derek Carr","QB","OAK",247,51.7302007858289,33.54,93.96,NA,NA,NA,40.7,15,32.98,120.54,55.8066666666667,51.7302007858289
"BOBBYRAINEY","Bobby Rainey","RB","TB",248,51.699703691883,39.5,64.7,37.5,NA,NA,65.2,29,70.1,61.2,52.16,51.699703691883
"TIQUANUNDERWOOD","Tiquan Underwood","WR","CAR",249,51.60020908007,49.2,37.7,NA,NA,NA,74.1,30.5,64,NA,51.1466666666667,51.60020908007
"MIKEGLENNON","Mike Glennon","QB","TB",250,51.5430648918644,29.04,42.08,49.94,NA,NA,72.22,53.42,52.62,79.28,53.6542857142857,51.5430648918644
"LATAVIUSMURRAY","Latavius Murray","RB","OAK",251,51.095039847817,65,37.1,62.9,NA,NA,73,NA,45.1,28.39,51.8283333333333,51.095039847817
"BILALPOWELL","Bilal Powell","RB","NYJ",252,50.8751734982487,59.8,41.1,42.3,NA,NA,68.7,58.7,45.6,54,52.8285714285714,50.8751734982487
"OWENDANIELS","Owen Daniels","TE","BAL",253,50.0498005723114,58.4,49.9,52.1,NA,NA,50.5,34.8,66.2,30.4,48.7628571428572,50.0498005723114
"KRISDURHAM","Kris Durham","WR","DET",254,49.9,65.5,23.2,NA,NA,NA,60.7,32,76.6,28.2,40.76,49.9
"MARTAVISBRYANT","Martavis Bryant","WR","PIT",255,49.5996995357461,75.1,NA,50,NA,NA,73.5,34.6,37.2,23.7,48.9833333333333,49.5996995357461
"TOMSAVAGE","Tom Savage","QB","HOU",256,49.3506554912232,53.56,153.66,NA,NA,NA,34.5,NA,NA,30.2,68.13,49.3506554912232
"ANTHONYFASANO","Anthony Fasano","TE","KC",257,49.3000451409079,56.8,45.8,NA,NA,NA,63.2,44.9,45.4,46.2,50.37,49.3000451409079
"DAVANTEADAMS","Davante Adams","WR","GB",258,49.2428663804703,86.8,64.5,45.4,NA,NA,44.8,20,78.9,27.1,52.1514285714286,49.2428663804703
"MICHAELBUSH","Michael Bush","RB",NA,259,49.1,NA,NA,NA,NA,NA,NA,NA,49.1,NA,49.1,49.1
"CODYLATIMER","Cody Latimer","WR","DEN",260,48.7499965008812,55.3,42.8,NA,NA,NA,32.5,2.9,63.5,64.4,37.2657142857143,48.7499965008812
"JASONAVANT","Jason Avant","WR","CAR",261,48.425,73.6,38.6,48.1,NA,NA,27.8,37.1,64.7,47.6,48.0657142857143,48.425
"DANIELTHOMAS","Daniel Thomas","RB","MIA",262,48.4109570675782,45.4,45.2,30.9,NA,NA,59.1,NA,56.9,33.09,44.9516666666667,48.4109570675782
"STEPHENHILL","Stephen Hill","WR","NYJ",263,48.3495846511244,53.3,41,NA,NA,NA,54.5,47.6,65.1,22.1,40.4228571428571,48.3495846511244
"ANDREWQUARLESS","Andrew Quarless","TE","GB",264,47.8000127477976,65.1,38,50.7,NA,NA,58.5,24.7,80.1,20.2,48.1628571428571,47.8000127477976
"ROBERTTURBIN","Robert Turbin","RB","SEA",265,47.7497040271759,61,61.8,23.6,NA,NA,65.4,21.5,71.5,24.38,46.7742857142857,47.7497040271759
"KEVINOGLETREE","Kevin Ogletree","WR","DET",266,47.05,42.6,49.8,NA,NA,NA,45.7,NA,NA,NA,46.3666666666667,47.05
"MARQUISEGOODWIN","Marquise Goodwin","WR","BUF",267,46.9360829436311,64.2,44.5,NA,NA,NA,36.9,40.2,70.3,13.41,38.5837142857143,46.9360829436311
"BENNYCUNNINGHAM","Benny Cunningham","RB","STL",268,46.5501353121969,33.9,14.8,44.6,NA,NA,54.2,46.3,81.6,59.5,47.3171428571429,46.5501353121969
"ADRIENROBINSON","Adrien Robinson","TE","NYG",269,46.0001605948565,55.1,59.8,NA,NA,NA,52,44.4,NA,11.89,44.638,46.0001605948565
"CHRISPOLK","Chris Polk","RB","PHI",270,45.950013867422,66.4,37.6,33.8,NA,NA,41.8,50.1,42.7,50.51,45.9471428571429,45.950013867422
"AJJENKINS","A.J. Jenkins","WR","KC",271,45.9094268209632,57.6,33.1,44.2,NA,NA,33.9,39.9,57.2,56.13,46.1374285714286,45.9094268209632
"AUSTINCOLLIE","Austin Collie","WR",NA,272,45.9,NA,NA,NA,NA,NA,NA,NA,45.9,NA,45.9,45.9
"JARVISLANDRY","Jarvis Landry","WR","MIA",273,45.7002186161608,57.5,62.1,59.6,NA,NA,75.5,10.4,27.4,18.1,44.2342857142857,45.7002186161608
"DALLASCLARK","Dallas Clark","TE",NA,274,45.4,NA,NA,NA,NA,NA,NA,NA,45.4,NA,45.4,45.4
"LUKEWILLSON","Luke Willson","TE","SEA",275,45.025,NA,55.7,NA,NA,NA,58.5,38.9,NA,26.6,44.8916666666667,45.025
"LANCEKENDRICKS","Lance Kendricks","TE","STL",276,44.7501353121969,43.2,47.9,NA,NA,NA,59.6,40.6,49.1,36.8,46.1866666666667,44.7501353121969
"ROBHOUSLER","Rob Housler","TE","ARI",277,44.2500057911463,55.2,27.6,NA,NA,NA,NA,NA,66.8,28.8,44.6,44.2500057911463
"JOHNCARLSON","John Carlson","TE","ARI",278,44.1004541612325,NA,58,42,NA,NA,25.8,42.6,43.6,49.2,43.1666666666667,44.1004541612325
"BRANDONLLOYD","Brandon Lloyd","WR","SF",279,43.75,43.1,43.2,NA,NA,NA,51.5,NA,NA,NA,45.9333333333333,43.75
"PAULRICHARDSON","Paul Richardson","WR","SEA",280,43.6999595747155,66.8,51.5,NA,NA,NA,33.5,NA,33.6,31.1,43.3,43.6999595747155
"MATTASIATA","Matt Asiata","RB","MIN",281,43.55,55.6,17.6,32.6,NA,NA,51.5,NA,53.5,44.52,42.4466666666667,43.55
"TRAVARISCADET","Travaris Cadet","RB","NO",282,43.4995226774491,69.5,59.6,15.8,NA,NA,46,NA,NA,18.81,41.922,43.4995226774491
"ACESANDERS","Ace Sanders","WR","JAC",283,43.160870562981,47.6,NA,41.4,NA,NA,43.2,27.9,80.1,21.37,43.7073333333333,43.160870562981
"BRANDONMYERS","Brandon Myers","TE","TB",284,42.9502699716999,NA,39.9,NA,NA,NA,39.5,46.4,63.2,38,45.39,42.9502699716999
"MARIOMANNINGHAM","Mario Manningham","WR","NYG",285,42.5,53.1,NA,NA,NA,NA,-1.2,NA,63,NA,38.3,42.5
"JERICKMCKINNON","Jerick McKinnon","RB","MIN",286,42.4713263912696,69.5,57.2,35.1,NA,NA,2.9,19.9,NA,39.4,37.0833333333333,42.4713263912696
"GAVINESCOBAR","Gavin Escobar","TE","DAL",287,42.4501226917552,46.8,NA,NA,NA,NA,27.5,56.9,43.6,34.9,41.92,42.4501226917552
"BRANDONBOLDEN","Brandon Bolden","RB","NE",288,42.1500054258512,70.9,15.6,44.6,NA,NA,36.2,36,47.2,39.44,41.3971428571429,42.1500054258512
"TROYNIKLAS","Troy Niklas","TE","ARI",289,42.0747638314611,NA,NA,NA,NA,NA,52.9,38.9,57.6,11.9,40.325,42.0747638314611
"RYANGRIFFIN","Ryan Griffin","TE","HOU",290,42.0001665501527,53.5,NA,62,NA,NA,64.5,19.5,43.3,11,42.3,42.0001665501527
"SANTONIOHOLMES","Santonio Holmes","WR","CHI",291,41.95,NA,45.7,NA,NA,NA,NA,NA,63,17.4,42.0333333333333,41.95
"DEVINSTREET","Devin Street","WR","DAL",292,41.9,43.1,49.4,NA,NA,NA,41.5,NA,NA,13.8,36.95,41.9
"MIKEBROWN","Mike Brown","WR","JAC",293,41.8355524090711,37.1,40.9,NA,NA,NA,45.5,NA,45.2,NA,33.54,41.8355524090711
"QUINTONPATTON","Quinton Patton","WR","SF",294,41.7,54.2,NA,NA,NA,NA,32.8,NA,39.6,NA,42.4833333333333,41.7
"JUNIORHEMINGWAY","Junior Hemingway","WR","KC",295,41.699763411479,59.2,54.6,NA,NA,NA,27.2,47.6,35.8,27.1,41.8366666666667,41.699763411479
"ANDREBROWN","Andre Brown","RB","HOU",296,41.55,NA,NA,34.2,NA,NA,NA,NA,48.9,NA,41.55,41.55
"DENARDROBINSON","Denard Robinson","WR","JAX",297,41.4503855370601,60.9,42.4,23.3,NA,NA,14.5,72,NA,22.41,38.535,41.4503855370601
"DAVIDNELSON","David Nelson","WR","NYJ",298,41.0059447779263,53.1,14,NA,NA,NA,40.2,NA,37.5,38.6,30.6116666666667,41.0059447779263
"JARIUSWRIGHT","Jarius Wright","WR","MIN",299,40.7994087575324,46.5,28.6,NA,NA,NA,75.8,7.6,54,31.1,41.2366666666667,40.7994087575324
"ARRELIOUSBENN","Arrelious Benn","WR","PHI",300,40.4,40.4,NA,NA,NA,NA,NA,NA,NA,NA,40.4,40.4
"PEYTONHILLIS","Peyton Hillis","RB","NYG",301,40.3000056283164,45.8,38.5,28.1,NA,NA,59.8,8.2,NA,49.2,37.9666666666667,40.3000056283164
"JOEMORGAN","Joe Morgan","WR","NO",302,39.975,39.6,32.6,NA,NA,NA,NA,54.1,NA,NA,42.1,39.975
"FOZZYWHITTAKER","Fozzy Whittaker","RB","CAR",303,39.8,NA,NA,NA,NA,NA,NA,NA,39.8,NA,39.8,39.8
"CHARLIEWHITEHURST","Charlie Whitehurst","QB","TEN",304,39.3001582245938,NA,39.7,NA,NA,NA,34.5,109.3,NA,20.42,50.23,39.3001582245938
"ALLENHURNS","Allen Hurns","WR","JAC",305,39.3,NA,62.9,NA,NA,NA,NA,NA,NA,15.7,39.3,39.3
"DRIARCHER","Dri Archer","RB","PIT",306,39.1503121677515,48.6,64.1,NA,NA,NA,14.4,25.4,50.2,29.9,32.8514285714286,39.1503121677515
"JOSEPHFAURIA","Joseph Fauria","TE","DET",307,39.1002993395023,55.1,29.2,NA,NA,NA,73.5,21.5,NA,34.1,42.56,39.1002993395023
"MIKEJAMES","Mike James","RB","TB",308,38.8847871040872,46,43.7,26.6,NA,NA,31.9,39.6,53.5,27.06,38.2114285714286,38.8847871040872
"JONATHANDWYER","Jonathan Dwyer","RB","ARI",309,38.875,42.1,22.5,51.3,NA,NA,29.8,16.7,40.2,48.88,35.6628571428571,38.875
"JAREDABBREDERIS","Jared Abbrederis","WR","GB",310,38.7,38.7,NA,NA,NA,NA,NA,NA,NA,NA,38.7,38.7
"BENWATSON","Ben Watson","TE","NO",311,38.35,NA,NA,NA,NA,NA,37.2,39.5,NA,NA,38.35,38.35
"TJGRAHAM","T.J. Graham","WR","BUF",312,37.875,41.9,NA,NA,NA,NA,27.5,19.6,53.4,NA,35.7416666666667,37.875
"JONBALDWIN","Jon Baldwin","WR","DET",313,37.75,39.2,NA,NA,NA,NA,NA,NA,36.3,NA,37.75,37.75
"GRIFFWHALEN","Griff Whalen","WR","IND",314,37.5209001219777,36.4,15.6,NA,NA,NA,55.9,NA,30.5,NA,34.6,37.5209001219777
"ROBERTMEACHEM","Robert Meachem","WR","NO",315,37.4005422004913,59.1,32.9,NA,NA,NA,39.5,NA,47,8.31,31.2266666666667,37.4005422004913
"BRYCEBROWN","Bryce Brown","RB","BUF",316,37.3001829460801,56,26.1,49.1,NA,NA,36,33.8,46,32.08,39.3885714285714,37.3001829460801
"JEFFJANIS","Jeff Janis","WR","GB",317,37.1,37.1,NA,NA,NA,NA,NA,NA,NA,NA,37.1,37.1
"MIKELLESHOURE","Mikel Leshoure","RB","DET",318,36.8151681385839,41.2,NA,NA,NA,NA,65.4,11.5,43,8.4,27.8833333333333,36.8151681385839
"KESHAWNMARTIN","Keshawn Martin","WR","HOU",319,36.7495865745263,37.1,30.7,NA,NA,NA,34.8,30.4,62.5,NA,39.0533333333333,36.7495865745263
"THADLEWIS","Thad Lewis","QB","BUF",320,36.62,27.08,75.52,NA,NA,NA,NA,NA,NA,18.96,40.52,36.62
"DARICKROGERS","Da'Rick Rogers","WR","IND",321,36.6,33.2,NA,NA,NA,NA,45.6,27.6,37.4,NA,36.0916666666667,36.6
"CJFIEDOROWICZ","C.J. Fiedorowicz","TE","HOU",322,36.5876737381754,NA,57.5,41.4,NA,NA,23.5,NA,NA,33.8,39,36.5876737381754
"BENJARVUSGREENELLIS","BenJarvus Green-Ellis","RB","CIN",323,36.4927322158862,54.4,39.1,38.4,NA,NA,45.8,24.3,32.8,20.97,36.1728571428571,36.4927322158862
"DUJUANHARRIS","DuJuan Harris","RB","GB",324,36.4624078289286,NA,41.4,NA,NA,NA,42.7,NA,NA,20.97,26.0508333333333,36.4624078289286
"KIRKCOUSINS","Kirk Cousins","QB","WAS",325,36.3949103425472,44.84,28.76,48.34,NA,NA,18.9,33.46,54.62,21.6,35.6171428571429,36.3949103425472
"RYANBROYLES","Ryan Broyles","WR","DET",326,35.8428759308175,56.2,31.3,NA,NA,NA,9.1,NA,62.1,14.7,28.9416666666667,35.8428759308175
"CLAYHARBOR","Clay Harbor","TE","JAC",327,35.35,43.1,NA,NA,NA,NA,34,NA,NA,19.7,32.2666666666667,35.35
"DONTEMONCRIEF","Donte Moncrief","WR","IND",328,34.9514445443745,54.2,24.6,NA,NA,NA,17.5,5.8,64.9,24.6,31.92,34.9514445443745
"JASONCAMPBELL","Jason Campbell","QB","CIN",329,34.7521002846147,NA,8.04,NA,NA,NA,86.86,16.92,24.62,NA,33.9433333333333,34.7521002846147
"MARCUSLATTIMORE","Marcus Lattimore","RB","SF",330,34.6623312762009,57,51,18.9,NA,NA,0.1,12.9,47.5,NA,31.2333333333333,34.6623312762009
"JALENSAUNDERS","Jalen Saunders","WR","NYJ",331,34.45,45.4,35,NA,NA,NA,NA,10.4,NA,NA,30.2666666666667,34.45
"MARQUESSWILSON","Marquess Wilson","WR","CHI",332,34.3811684403744,76.2,31.6,NA,NA,NA,32.4,NA,NA,29,42.35,34.3811684403744
"ANDRECALDWELL","Andre Caldwell","WR","DEN",333,34.3285863426373,57.4,NA,NA,NA,NA,34.4,24.4,29.8,NA,29.245,34.3285863426373
"DARRIUSHEYWARDBEY","Darrius Heyward-Bey","WR","PIT",334,34.15,NA,NA,NA,NA,NA,19.1,NA,49.2,NA,34.15,34.15
"DAVIDAUSBERRY","David Ausberry","TE","OAK",335,33.975,NA,27.3,NA,NA,NA,58.9,42,NA,10.58,34.695,33.975
"SHAUNHILL","Shaun Hill","QB","STL",336,33.7043924591983,37.46,31,48.44,NA,NA,-1.16,2.16,30.94,NA,24.64,33.7043924591983
"ISAIAHCROWELL","Isaiah Crowell","RB","CLE",337,33.6310475895933,53.5,24.7,27.7,NA,NA,24.5,NA,NA,36.8,33.39,33.6310475895933
"ALFREDBLUE","Alfred Blue","RB","HOU",338,33.4488368690877,34,39,NA,NA,NA,43.8,12.4,NA,28.91,31.472,33.4488368690877
"WILLISMCGAHEE","Willis McGahee","RB",NA,339,33.2,NA,NA,NA,NA,NA,NA,NA,33.2,NA,33.2,33.2
"VINCENTBROWN","Vincent Brown","WR","SD",340,33.1402196784738,55.2,41.1,32.2,NA,NA,27.7,17.1,65.8,9.46,35.5085714285714,33.1402196784738
"CHRISOWUSU","Chris Owusu","WR","TB",341,33.0004681901138,NA,33.3,NA,NA,NA,21.2,52.7,31.6,NA,27.77,33.0004681901138
"LARRYDONNELL","Larry Donnell","TE","NYG",342,32.9,NA,NA,NA,NA,NA,18.2,NA,NA,47.6,32.9,32.9
"CHRISHOGAN","Chris Hogan","WR","BUF",343,32.85,NA,29.6,NA,NA,NA,NA,NA,NA,36.1,32.85,32.85
"SHAQEVANS","Shaq Evans","WR","NYJ",344,32.8,59.1,NA,NA,NA,NA,5.1,NA,NA,NA,32.8,32.8
"BENJAMINWATSON","Benjamin Watson","TE","NO",345,32.4,NA,NA,NA,NA,NA,NA,NA,NA,32.4,32.4,32.4
"SANTANAMOSS","Santana Moss","WR","WAS",346,32.2640964566255,52.2,35.7,NA,NA,NA,41.2,15.5,36.8,12.79,32.125,32.2640964566255
"BRUCEELLINGTON","Bruce Ellington","WR","SF",347,32.1,NA,NA,NA,NA,NA,21.5,NA,42.7,NA,32.1,32.1
"LAVONBRAZILL","LaVon Brazill","WR",NA,348,32,NA,NA,NA,NA,NA,NA,NA,32,NA,32,32
"ALDRICKROBINSON","Aldrick Robinson","WR","WAS",349,31.925,NA,25.9,NA,NA,NA,37.3,NA,38.6,NA,34.0333333333333,31.925
"CHRISTIANPONDER","Christian Ponder","QB","MIN",350,31.73,NA,NA,NA,NA,NA,16.4,NA,47.06,NA,31.73,31.73
"TIMWRIGHT","Tim Wright","TE","TB",351,31.55,NA,NA,NA,NA,NA,32.2,24.6,NA,41.8,32.8333333333333,31.55
"KEVINNORWOOD","Kevin Norwood","WR","SEA",352,31.2,37.1,25.3,NA,NA,NA,NA,NA,NA,NA,31.2,31.2
"DEVIERPOSEY","DeVier Posey","WR","HOU",353,31.1000177833272,43.7,49.5,NA,NA,NA,25.7,8.9,34.2,15.3,25.3285714285714,31.1000177833272
"KELLENCLEMENS","Kellen Clemens","QB","SDC",354,31.08,NA,NA,NA,NA,NA,31.08,NA,NA,NA,31.08,31.08
"RICHARDRODGERS","Richard Rodgers","TE","GB",355,31.05,NA,NA,NA,NA,NA,36.5,33.5,NA,16.3,28.4,31.05
"LARODSTEPHENSHOWLING","LaRod Stephens-Howling","RB",NA,356,30.4,NA,NA,NA,NA,NA,NA,NA,30.4,NA,30.4,30.4
"MIKEGOODSON","Mike Goodson","RB","NYJ",357,30.3,NA,NA,NA,NA,NA,NA,NA,30.3,NA,30.3,30.3
"EDDICKSON","Ed Dickson","TE","CAR",358,30.25,53.1,43.6,NA,NA,NA,25,7.7,NA,23.5,30.58,30.25
"CHRISOGBONNAYA","Chris Ogbonnaya","RB","CLE",359,29.8079123574724,45.2,15.6,NA,NA,NA,55.8,15.2,NA,NA,25.2933333333333,29.8079123574724
"LOUISMURPHY","Louis Murphy","WR","TB",360,29.75,44.2,20.6,NA,NA,NA,9.8,NA,NA,41.9,29.4,29.75
"DARRELYOUNG","Darrel Young","RB","WAS",361,29.5,33.8,25.2,NA,NA,NA,NA,NA,NA,NA,29.5,29.5
"MATTMCGLOIN","Matt McGloin","QB","OAK",362,29.44,NA,NA,NA,NA,NA,14.8,NA,44.08,NA,29.44,29.44
"DREWDAVIS","Drew Davis","WR","ATL",363,29.4273778010682,39.2,31.9,NA,NA,NA,48.5,7.7,25.3,10.95,27.2583333333333,29.4273778010682
"JURONCRINER","Juron Criner","WR","OAK",364,29.375,43.2,NA,NA,NA,NA,16.3,NA,29,NA,29.5,29.375
"JACOBTAMME","Jacob Tamme","TE","DEN",365,29.225,NA,NA,NA,NA,NA,46.5,26.6,NA,17.2,30.1,29.225
"RICARDOLOCKETTE","Ricardo Lockette","WR","SEA",366,29.1,NA,29.1,NA,NA,NA,NA,NA,NA,NA,29.1,29.1
"STEDMANBAILEY","Stedman Bailey","WR","STL",367,29.04,NA,53.4,NA,NA,NA,20.4,NA,NA,25.63,33.3316666666667,29.04
"JIMDRAY","Jim Dray","TE","CLE",368,28.25,NA,NA,NA,NA,NA,20.2,NA,36.3,NA,28.25,28.25
"JOSHHUFF","Josh Huff","WR","PHI",369,27.75,NA,33.4,NA,NA,NA,21.3,NA,30.3,11.7,24.2416666666667,27.75
"BRANDONWEEDEN","Brandon Weeden","QB","DAL",370,27.4809159831091,23.08,6.32,NA,NA,NA,58,13.24,NA,NA,24.8266666666667,27.4809159831091
"MARCUSHARRIS","Marcus Harris","WR","NYG",371,27.4,NA,27.4,NA,NA,NA,NA,NA,NA,NA,27.4,27.4
"MICHAELPRESTON","Michael Preston","WR","TEN",372,27,NA,NA,NA,NA,NA,27,NA,NA,NA,27,27
"DANIELHERRON","Daniel Herron","RB","IND",373,26.69,NA,NA,NA,NA,NA,NA,NA,NA,26.69,26.69,26.69
"JOSEPHRANDLE","Joseph Randle","RB","DAL",374,26.6,31,18,31.7,NA,NA,27.8,19.3,NA,22.82,25.07,26.6
"MATTFLYNN","Matt Flynn","QB","GB",375,26.24,25.48,NA,NA,NA,NA,62.74,2.16,NA,NA,29.7933333333333,26.24
"ROBERTHOUSLER","Robert Housler","TE","ARI",376,26.15,NA,NA,NA,NA,NA,35.4,16.9,NA,NA,26.15,26.15
"ZACHSUDFELD","Zach Sudfeld","TE","NYJ",377,25.855,NA,NA,NA,NA,NA,28.5,31.6,NA,12.42,24.1733333333333,25.855
"JOSHFREEMAN","Josh Freeman","QB","NYG",378,25.28,25.28,NA,NA,NA,NA,NA,NA,NA,NA,25.28,25.28
"TONYMOEAKI","Tony Moeaki","TE","BUF",379,24.7854500609889,NA,NA,NA,NA,NA,32.5,7.7,43.1,10.65,23.4875,24.7854500609889
"ANTHONYDIXON","Anthony Dixon","RB","BUF",380,24.775,27.6,32.8,NA,NA,NA,5.1,NA,NA,NA,21.8333333333333,24.775
"DEANTHONYTHOMAS","De'Anthony Thomas","RB","KC",381,24.6,33.8,28.9,34.7,NA,NA,0.4,20.9,NA,27.8,24.2,24.6
"RISHARDMATTHEWS","Rishard Matthews","WR","MIA",382,24.4,NA,22.4,NA,NA,NA,30.2,7.7,37.3,NA,24.4,24.4
"LORENZOTALIAFERRO","Lorenzo Taliaferro","RB","BAL",383,24.3066752956012,53.5,23,22,NA,NA,25.5,NA,NA,NA,31,24.3066752956012
"LACHESEASTRUNK","Lache Seastrunk","RB","WAS",384,24.2928687241384,25.9,52.4,22.8,NA,NA,7.9,NA,NA,15.4,24.86,24.2928687241384
"TERRELLEPRYOR","Terrelle Pryor","QB","SEA",385,24.09,NA,NA,NA,NA,NA,1.44,NA,46.74,NA,24.09,24.09
"BLAINEGABBERT","Blaine Gabbert","QB","SF",386,24.03,NA,NA,NA,NA,NA,0.16,NA,47.9,NA,24.03,24.03
"LEONARDHANKERSON","Leonard Hankerson","WR","WAS",387,24,55.2,18,NA,NA,NA,37.1,7.6,16.9,NA,27,24
"LOGANPAULSEN","Logan Paulsen","TE","WAS",388,23.85,NA,NA,NA,NA,NA,39.9,20.4,NA,18.5,25.5333333333333,23.85
"CHARLESSIMS","Charles Sims","RB","TB",389,23.69,43,23.1,12.9,NA,NA,15.7,34.1,43,14.86,26.3,23.69
"THEORIDDICK","Theo Riddick","RB","DET",390,23.3,18.4,37,23.3,NA,NA,12.2,NA,NA,41.6,26.45,23.3
"MIKETHOMAS","Mike Thomas","WR","HOU",391,23.25,NA,NA,NA,NA,NA,1.9,NA,NA,44.6,23.25,23.25
"SHAUNDRAUGHN","Shaun Draughn","RB","CHI",392,23.219994295076,20.1,45.8,19,NA,NA,1.5,NA,59.4,18.04,27.2933333333333,23.219994295076
"JUSTINFORSETT","Justin Forsett","RB","BAL",393,23.0999965464783,42,28.7,NA,NA,NA,34.5,4.1,NA,29.95,23.175,23.0999965464783
"ROBERTHERRON","Robert Herron","WR","TB",394,22.725,49.3,20,NA,NA,NA,17.5,NA,NA,16.4,25.8,22.725
"DWAYNEHARRIS","Dwayne Harris","WR","DAL",395,22.68,NA,NA,NA,NA,NA,32.5,NA,44,3.76,19.8983333333333,22.68
"DAMIANWILLIAMS","Damian Williams","WR","MIA",396,22.575,45.5,25.1,NA,NA,NA,8.5,17.2,NA,NA,24.075,22.575
"DENNISJOHNSON","Dennis Johnson","RB","HOU",397,22.2,22.2,NA,NA,NA,NA,NA,NA,41.9,NA,21.3666666666667,22.2
"KYLEORTON","Kyle Orton","QB",NA,398,21.66,NA,NA,NA,NA,NA,NA,NA,21.66,NA,21.66,21.66
"JIMMYCLAUSEN","Jimmy Clausen","QB","CHI",399,21.62,NA,NA,NA,NA,NA,NA,NA,NA,21.62,21.62,21.62
"NICKTOON","Nick Toon","WR","NO",400,21.3280335263304,NA,NA,NA,NA,NA,59.6,8.8,22.5,15,26.475,21.3280335263304
"MICHAELHOOMANAWANUI","Michael Hoomanawanui","TE","NE",401,21.1675,NA,NA,NA,NA,NA,23.7,24.5,NA,9.77,19.3233333333333,21.1675
"ZACHMETTENBERGER","Zach Mettenberger","QB","TEN",402,21.14,42.94,NA,NA,NA,NA,NA,NA,22.14,NA,21.6933333333333,21.14
"JOHNKUHN","John Kuhn","RB","GB",403,21.0080335263304,38.2,14.1,NA,NA,NA,NA,8.1,NA,24.34,21.1516666666667,21.0080335263304
"DAVONEBESS","Davone Bess","WR",NA,404,20.8,NA,NA,NA,NA,NA,NA,NA,20.8,NA,20.8,20.8
"JACKIEBATTLE","Jackie Battle","RB","TEN",405,20.7062947804031,47,5.4,NA,NA,NA,20.5,NA,NA,9.57,20.6175,20.7062947804031
"JORDANPALMER","Jordan Palmer","QB","CHI",406,20.59,25.46,23.2,NA,NA,NA,14.5,NA,NA,NA,21.0533333333333,20.59
"RONNIEBROWN","Ronnie Brown","RB","HOU",407,20.005,NA,NA,30.4,NA,NA,7.9,NA,46.6,17.02,25.4466666666667,20.005
"CHARLESJOHNSON","Charles Johnson","WR","CLE",408,20,NA,34.1,NA,NA,NA,9.9,6.4,NA,31.6,20.3333333333333,20
"JEDCOLLINS","Jed Collins","RB","DET",409,19.91,27.7,10.3,NA,NA,NA,NA,NA,NA,15.94,17.98,19.91
"JOSHMORGAN","Josh Morgan","WR","CHI",410,19.6500044818255,47.3,NA,NA,NA,NA,10.6,11.4,30.1,9.56,18.0066666666667,19.6500044818255
"JOHNATHANFRANKLIN","Johnathan Franklin","RB","GB",411,19.6,NA,NA,NA,NA,NA,NA,11.8,31.4,NA,19.6,19.6
"TARVARISJACKSON","Tarvaris Jackson","QB","SEA",412,19.48,NA,NA,NA,NA,NA,19.48,NA,NA,NA,19.48,19.48
"KELLENDAVIS","Kellen Davis","TE","NYG",413,19.35,NA,NA,NA,NA,NA,1.3,37.4,NA,NA,19.35,19.35
"MARKSANCHEZ","Mark Sanchez","QB","PHI",414,18.479722397666,24.18,9.54,12.72,NA,NA,7.2,8.76,49.56,NA,18.66,18.479722397666
"DARYLRICHARDSON","Daryl Richardson","RB","NYJ",415,17.2186056325148,22.7,14.2,NA,NA,NA,11.9,6.7,44.3,NA,16.3,17.2186056325148
"TANDONDOSS","Tandon Doss","WR","JAC",416,16.85,NA,NA,NA,NA,NA,6.8,NA,26.9,NA,16.85,16.85
"ANTHONYSHERMAN","Anthony Sherman","RB","KC",417,16.77,20.2,17.1,NA,NA,NA,NA,NA,NA,15.69,17.6633333333333,16.77
"KYLEWILLIAMS","Kyle Williams","WR","KC",418,16.675,39.2,NA,NA,NA,NA,6.7,NA,NA,10.75,18.9666666666667,16.675
"DEMETRIUSHARRIS","Demetrius Harris","TE","KC",419,16.4,NA,NA,NA,NA,NA,NA,16.4,NA,NA,16.4,16.4
"GARYBARNIDGE","Gary Barnidge","TE","CLE",420,15.9,NA,NA,NA,NA,NA,14.6,7.7,NA,22.9,15,15.9
"TRAVISBENJAMIN","Travis Benjamin","WR","CLE",421,15.7558826102864,NA,28,NA,NA,NA,15.3,NA,28.8,5.08,15.351,15.7558826102864
"JOSHHILL","Josh Hill","TE","NO",422,15.6,NA,NA,NA,NA,NA,8.2,NA,NA,23,15.6,15.6
"JACOBYFORD","Jacoby Ford","WR","NYJ",423,15.55,NA,23.6,NA,NA,NA,6.8,24.9,16.5,NA,18.3833333333333,15.55
"JUSTINBROWN","Justin Brown","WR","PIT",423,15.55,NA,31.1,NA,NA,NA,NA,NA,NA,NA,15.55,15.55
"TYLERGAFFNEY","Tyler Gaffney","RB","NE",425,15.4,NA,NA,NA,NA,NA,NA,NA,30.8,NA,15.4,15.4
"CHASEFORD","Chase Ford","TE","MIN",426,15.3,NA,NA,NA,NA,NA,15.3,NA,NA,NA,15.3,15.3
"FRANKSUMMERS","Frank Summers","RB","BUF",427,15.1025,25,10.4,NA,NA,NA,NA,NA,NA,13.61,16.3366666666667,15.1025
"BRUCEMILLER","Bruce Miller","RB","SF",428,15.04,23.5,11.6,NA,NA,NA,NA,NA,NA,18.36,17.82,15.04
"MICHAELCOX","Michael Cox","RB","NYG",429,14.9519960159204,10.5,NA,NA,NA,NA,21,NA,NA,9.3,10.1666666666667,14.9519960159204
"BRENTONBERSIN","Brenton Bersin","WR","CAR",430,14.8,NA,NA,NA,NA,NA,NA,NA,NA,14.8,14.8,14.8
"ERIKLORIG","Erik Lorig","RB","NO",431,14.72,16.9,14.1,NA,NA,NA,NA,NA,NA,11.53,14.1766666666667,14.72
"MYLESWHITE","Myles White","WR","GB",432,14.7,NA,NA,NA,NA,NA,1.3,30.1,NA,NA,14.7,14.7
"CHRISRAINEY","Chris Rainey","RB","IND",433,14.6,14.6,NA,NA,NA,NA,NA,NA,NA,NA,14.6,14.6
"STEPHENHOUSTON","Stephen Houston","RB","PIT",434,14.5,NA,NA,NA,NA,NA,14.5,NA,NA,NA,14.5,14.5
"DIONSIMS","Dion Sims","TE","MIA",435,14.05,NA,NA,NA,NA,NA,12,NA,NA,16.1,14.05,14.05
"EDWINBAKER","Edwin Baker","RB","CLE",436,13.9663250101648,9.7,5.5,18.1,NA,NA,39.8,NA,NA,NA,18.1083333333333,13.9663250101648
"JOSHBOYCE","Josh Boyce","WR","NE",437,13.9,NA,NA,NA,NA,NA,14,NA,26.1,NA,13.3666666666667,13.9
"AJMCCARRON","A.J. McCarron","QB","CIN",438,13.39,NA,NA,NA,NA,NA,NA,NA,26.78,NA,13.39,13.39
"JARONBROWN","Jaron Brown","WR","ARI",439,13.3,NA,15,NA,NA,NA,11.6,NA,NA,NA,13.3,13.3
"VANCEMCDONALD","Vance McDonald","TE","SF",440,13.13,43.1,NA,NA,NA,NA,10.8,8.6,NA,14.72,19.305,13.13
"MARIONGRICE","Marion Grice","RB","SD",441,13.09502436925,20.6,NA,NA,NA,NA,1,NA,48.5,NA,17.525,13.09502436925
"DANESANZENBACHER","Dane Sanzenbacher","WR","CIN",442,13.0125,NA,16.7,NA,NA,NA,13.5,NA,NA,11.95,14.05,13.0125
"DOMENIKHIXON","Domenik Hixon","WR",NA,443,13,NA,NA,NA,NA,NA,NA,NA,13,NA,13,13
"CEDRICPEERMAN","Cedric Peerman","RB","CIN",444,12.9,10.1,15.2,NA,NA,NA,21.6,NA,NA,NA,15.6333333333333,12.9
"LAMICHAELJAMES","LaMichael James","RB","SF",445,12.8943579413804,9.8,6.8,NA,NA,NA,27,NA,NA,18.57,12.414,12.8943579413804
"ORSONCHARLES","Orson Charles","RB","CIN",446,12.8,12.8,NA,NA,NA,NA,NA,NA,NA,NA,12.8,12.8
"WILLIAMPOWELL","William Powell","RB","HOU",446,12.8,NA,NA,NA,NA,NA,12.8,NA,NA,NA,12.8,12.8
"STORMJOHNSON","Storm Johnson","RB","JAC",448,12.67,33.7,10.7,15.6,NA,NA,1,NA,NA,12.63,14.706,12.67
"RHETTELLISON","Rhett Ellison","TE","MIN",449,12.55,NA,NA,NA,NA,NA,8.3,NA,NA,16.8,12.55,12.55
"DERRICKCOLEMAN","Derrick Coleman","RB","SEA",450,12.475,23.6,11.7,NA,NA,NA,2.7,NA,NA,NA,12.6666666666667,12.475
"TOMMYBOHANON","Tommy Bohanon","RB","NYJ",451,12.415,19.8,6.1,NA,NA,NA,NA,NA,NA,13.28,13.06,12.415
"CRAIGSTEVENS","Craig Stevens","TE","TEN",452,12.35,NA,NA,NA,NA,NA,15.8,NA,NA,8.9,12.35,12.35
"CYRUSGRAY","Cyrus Gray","RB","KC",453,12.325,21.8,4.8,NA,NA,NA,14.2,NA,NA,NA,13.6,12.325
"CHASEDANIEL","Chase Daniel","QB","KC",454,12.09,NA,NA,NA,NA,NA,-1.24,14.76,NA,18.56,10.6266666666667,12.09
"TYRODTAYLOR","Tyrod Taylor","QB","BAL",455,12.06,NA,NA,NA,NA,NA,12.06,NA,NA,NA,12.06,12.06
"LAVELLEHAWKINS","Lavelle Hawkins","WR","TB",456,11.9,NA,NA,NA,NA,NA,NA,11.9,NA,NA,11.9,11.9
"STANLEYHAVILI","Stanley Havili","RB","IND",457,11.89,15.1,6,NA,NA,NA,17.1,NA,NA,14.96,13.29,11.89
"RYANWILLIAMS","Ryan Williams","RB","DAL",458,11.875,20.3,NA,10,NA,NA,14,6.3,NA,NA,12.15,11.875
"KENJONBARNER","Kenjon Barner","RB","CAR",459,11.740908954131,12.7,11.3,17.9,NA,NA,1.9,NA,NA,11.7,10.98,11.740908954131
"VIRGILGREEN","Virgil Green","TE","DEN",460,11.4,NA,NA,NA,NA,NA,5.6,NA,NA,17.2,11.4,11.4
"DIONLEWIS","Dion Lewis","RB","CLE",461,11.279348468339,24.9,NA,NA,NA,NA,2.7,16.6,NA,NA,11.05,11.279348468339
"MATTSPAETH","Matt Spaeth","TE","PIT",462,11.215,NA,NA,NA,NA,NA,10,NA,NA,12.43,11.215,11.215
"BEARPASCOE","Bear Pascoe","TE","ATL",463,11.145,NA,NA,NA,NA,NA,7.7,NA,NA,14.59,11.145,11.145
"MICHAELFORD","Michael Ford","RB","CHI",464,10.975,20.1,13.7,NA,NA,NA,1.6,NA,NA,NA,11.8,10.975
"ANTHONYARMSTRONG","Anthony Armstrong","WR","CLE",465,10.75,NA,NA,NA,NA,NA,NA,NA,NA,10.75,10.75,10.75
"JOSEPHMORGAN","Joseph Morgan","WR","NOS",466,10.6,NA,NA,NA,NA,NA,10.6,NA,NA,NA,10.6,10.6
"BRITTANGOLDEN","Brittan Golden","WR","ARI",467,10.3,NA,NA,NA,NA,NA,10.3,NA,NA,NA,10.3,10.3
"WILLJOHNSON","Will Johnson","RB","PIT",468,10.065,16.8,4.7,NA,NA,NA,NA,NA,NA,10.13,10.5433333333333,10.065
"MARCUSTHIGPEN","Marcus Thigpen","WR","MIA",469,9.8,NA,NA,NA,NA,NA,9.8,NA,NA,NA,9.8,9.8
"JAMESDEVELIN","James Develin","RB","NE",470,9.7,13.4,6,NA,NA,NA,NA,NA,NA,NA,9.7,9.7
"JORVORSKIELANE","Jorvorskie Lane","RB","TB",471,9.7,15.7,3.7,NA,NA,NA,NA,NA,NA,NA,9.7,9.7
"DAVIDPAULSON","David Paulson","TE","PIT",472,9.65,NA,NA,NA,NA,NA,5.7,13.6,NA,NA,9.65,9.65
"JALENPARMELE","Jalen Parmele","RB","ARI",473,9.6,9.6,NA,NA,NA,NA,NA,NA,NA,NA,9.6,9.6
"MIKEGILLISLEE","Mike Gillislee","RB","MIA",474,9.55212637536989,8,22.1,NA,NA,NA,4.8,10.5,NA,NA,9.08,9.55212637536989
"JEROMEFELTON","Jerome Felton","RB","MIN",475,9.4,13.3,5.5,NA,NA,NA,NA,NA,NA,NA,9.4,9.4
"DEONTETHOMPSON","Deonte Thompson","WR","BAL",476,8.6,NA,NA,NA,NA,NA,8.6,NA,NA,NA,8.6,8.6
"THADDEUSLEWIS","Thaddeus Lewis","QB","BUF",477,8.57,NA,NA,NA,NA,NA,6.24,10.9,NA,NA,8.57,8.57
"KYLEJUSZCZYK","Kyle Juszczyk","RB","BAL",478,8.4,14.8,15.2,NA,NA,NA,NA,6.2,NA,NA,12.0666666666667,8.4
"ANTONESMITH","Antone Smith","RB","ATL",479,8.33067337941382,4.1,15.1,NA,NA,NA,15,NA,NA,NA,8.55,8.33067337941382
"JOEMCKNIGHT","Joe McKnight","RB","KC",480,8.25,12.7,NA,NA,NA,NA,3.8,NA,NA,NA,8.25,8.25
"MATTMOORE","Matt Moore","QB","MIA",481,8.17,23.98,NA,NA,NA,NA,3.48,2.64,NA,NA,9.36666666666667,8.17
"LEONWASHINGTON","Leon Washington","RB","TEN",482,8.1,11,5.2,NA,NA,NA,NA,NA,NA,NA,8.1,8.1
"DJWILLIAMS","D.J. Williams","TE","NE",483,7.75,NA,NA,NA,NA,NA,NA,15.5,NA,NA,7.75,7.75
"EVANROYSTER","Evan Royster","RB","WAS",484,7.7,7.3,NA,NA,NA,NA,8.1,NA,NA,NA,7.7,7.7
"RYANTAYLOR","Ryan Taylor","TE","GB",485,7.66,NA,NA,NA,NA,NA,1.6,NA,NA,13.72,7.66,7.66
"JEWELHAMPTON","Jewel Hampton","RB","SFO",486,7.6,NA,NA,NA,NA,NA,7.6,NA,NA,NA,7.6,7.6
"JAMESHANNA","James Hanna","TE","DAL",487,7.5,NA,NA,NA,NA,NA,7.5,NA,NA,NA,7.5,7.5
"TAVARRESKING","Tavarres King","WR","CAR",488,7.4,NA,NA,NA,NA,NA,NA,NA,NA,14.8,7.4,7.4
"HENRYHYNOSKI","Henry Hynoski","RB","NYG",489,6.9,17.5,3.7,NA,NA,NA,NA,NA,NA,9.65,10.2833333333333,6.9
"JOHNPHILLIPS","John Phillips","TE","SDC",489,6.9,NA,NA,NA,NA,NA,6.9,NA,NA,NA,6.9,6.9
"PATRICKDIMARCO","Patrick DiMarco","RB","ATL",491,6.8675,7.1,5.4,NA,NA,NA,NA,NA,NA,12.17,8.22333333333333,6.8675
"DREWSTANTON","Drew Stanton","QB","ARI",492,6.82,NA,NA,NA,NA,NA,3.46,1.68,NA,21.02,8.62,6.82
"TYLERCLUTTS","Tyler Clutts","RB","DAL",493,6.8,12.6,1,NA,NA,NA,NA,NA,NA,NA,6.8,6.8
"TJJONES","T.J. Jones","WR","DET",494,6.55,NA,13.1,NA,NA,NA,NA,NA,NA,NA,6.55,6.55
"ALVESTERALEXANDER","Alvester Alexander","RB","PIT",495,6.45,8.7,NA,NA,NA,NA,4.2,NA,NA,NA,6.45,6.45
"DANHERRON","Dan Herron","RB","IND",496,6.4,NA,36,NA,NA,NA,7.8,NA,NA,NA,14.2666666666667,6.4
"COLLINMOONEY","Collin Mooney","RB","TEN",497,6.2,11,1.4,NA,NA,NA,NA,NA,NA,NA,6.2,6.2
"JEREMYSTEWART","Jeremy Stewart","RB","OAK",498,6.15,11.8,NA,NA,NA,NA,0.5,NA,NA,NA,6.15,6.15
"BRUCEGRADKOWSKI","Bruce Gradkowski","QB","PIT",499,5.98,NA,NA,NA,NA,NA,0.24,7.4,NA,18.8,8.64666666666667,5.98
"BRICEBUTLER","Brice Butler","WR","OAK",500,5.3,NA,NA,NA,NA,NA,5.3,NA,NA,NA,5.3,5.3
"ISAIAHPEAD","Isaiah Pead","RB","STL",501,5.15,10.3,NA,NA,NA,NA,NA,NA,44.9,NA,13.8,5.15
"WILLTAUFOOU","Will Ta'ufo'ou","RB","JAC",502,5.11,8.2,2.9,NA,NA,NA,NA,NA,NA,8.54,6.54666666666667,5.11
"DAMARISJOHNSON","Damaris Johnson","WR","PHI",503,5.1,NA,NA,NA,NA,NA,2.6,7.6,NA,NA,5.1,5.1
"BROCKOSWEILER","Brock Osweiler","QB","DEN",504,5.04,NA,NA,NA,NA,NA,6.52,3.56,NA,NA,5.04,5.04
"JAYPROSCH","Jay Prosch","RB","HOU",505,4.9,7.6,2.2,NA,NA,NA,NA,NA,NA,NA,4.9,4.9
"JEREMYROSS","Jeremy Ross","WR","DET",506,4.89,NA,NA,NA,NA,NA,NA,NA,NA,4.89,4.89,4.89
"NILESPAUL","Niles Paul","TE","WAS",507,4.7,NA,NA,NA,NA,NA,4.7,NA,NA,NA,4.7,4.7
"BRANDONTATE","Brandon Tate","WR","CIN",508,4.47,NA,NA,NA,NA,NA,2.6,NA,NA,6.34,4.47,4.47
"MATTHASSELBECK","Matt Hasselbeck","QB","IND",509,4.36,NA,NA,NA,NA,NA,6.92,1.8,NA,NA,4.36,4.36
"MIGUELMAYSONET","Miguel Maysonet","RB","PIT",510,4.2,NA,4.2,NA,NA,NA,NA,NA,NA,NA,4.2,4.2
"MICHAELEGNEW","Michael Egnew","TE","MIA",511,4.1,NA,NA,NA,NA,NA,4.1,NA,NA,NA,4.1,4.1
"LEESMITH","Lee Smith","TE","BUF",512,4,NA,NA,NA,NA,NA,4,NA,NA,NA,4,4
"JAMESCASEY","James Casey","TE","PHI",513,3.8,NA,NA,NA,NA,NA,3.8,NA,NA,NA,3.8,3.8
"TONYFIAMMETTA","Tony Fiammetta","RB","CHI",514,3.375,13.8,4.4,NA,NA,NA,2.1,NA,NA,NA,6.76666666666667,3.375
"DEREKANDERSON","Derek Anderson","QB","CAR",515,3.28,26.86,NA,NA,NA,NA,0.58,1.24,NA,NA,9.56,3.28
"LONNIEPRYOR","Lonnie Pryor","RB","TB",516,3,NA,3,NA,NA,NA,NA,NA,NA,NA,3,3
"PHILLIPTANNER","Phillip Tanner","RB","IND",517,2.8,NA,NA,NA,NA,NA,2.8,NA,NA,NA,2.8,2.8
"TAYLORTHOMPSON","Taylor Thompson","TE","TEN",518,2.5,NA,NA,NA,NA,NA,2.5,NA,NA,NA,2.5,2.5
"DEVINHESTER","Devin Hester","WR","ATL",519,2.435,NA,NA,NA,NA,NA,0.1,NA,NA,4.77,2.435,2.435
"JEFFDEMPS","Jeff Demps","RB","TBB",520,2.3,NA,NA,NA,NA,NA,2.3,NA,NA,NA,2.3,2.3
"TAURENPOOLE","Tauren Poole","RB","PIT",521,1.4,NA,NA,NA,NA,NA,1.4,NA,NA,NA,1.4,1.4
"DANTEROSARIO","Dante Rosario","TE","CHI",522,1.3,NA,NA,NA,NA,NA,1.3,NA,NA,NA,1.3,1.3
"MICHAELHILL","Michael Hill","RB","GBP",522,1.3,NA,NA,NA,NA,NA,1.3,NA,NA,NA,1.3,1.3
"SPENCERWARE","Spencer Ware","RB","SEA",524,1,NA,1,NA,NA,NA,NA,NA,NA,NA,1,1
"SCOTTTOLZIEN","Scott Tolzien","QB","GBP",525,0.82,NA,NA,NA,NA,NA,0.82,NA,NA,NA,0.82,0.82
"ALEXGREEN","Alex Green","RB","NYJ",526,0.8,NA,NA,NA,NA,NA,0.8,NA,NA,NA,0.8,0.8
"TJYATES","T.J. Yates","QB","ATL",527,0.72,NA,NA,NA,NA,NA,0.359999999999999,1.08,NA,NA,0.72,0.72
"CHASEREYNOLDS","Chase Reynolds","RB","STL",528,0.6,NA,NA,NA,NA,NA,0.6,NA,NA,NA,0.6,0.6
"RYANMALLETT","Ryan Mallett","QB","NE",529,0.48,NA,NA,NA,NA,NA,0.28,0.68,NA,NA,0.48,0.48
"DANIELFELLS","Daniel Fells","TE","NYG",530,0.4,NA,NA,NA,NA,NA,0.4,NA,NA,NA,0.4,0.4
"GARRETTCELEK","Garrett Celek","TE","SFO",531,0.3,NA,NA,NA,NA,NA,0.3,NA,NA,NA,0.3,0.3
"BRADSMITH","Brad Smith","WR","PHI",532,0.2,NA,NA,NA,NA,NA,0.2,NA,NA,NA,0.2,0.2
"CIERREWOOD","Cierre Wood","RB","BAL",532,0.2,NA,NA,NA,NA,NA,0.4,NA,NA,NA,0.2,0.2
"JONASGRAY","Jonas Gray","RB","NEP",532,0.2,NA,NA,NA,NA,NA,0.2,NA,NA,NA,0.2,0.2
"SEYIAJIROTUTU","Seyi Ajirotutu","WR","SDC",532,0.2,NA,NA,NA,NA,NA,0.2,NA,NA,NA,0.2,0.2
"JEFFTUEL","Jeff Tuel","QB","BUF",536,0.16,NA,NA,NA,NA,NA,0.16,NA,NA,NA,0.16,0.16
"MATTBARKLEY","Matt Barkley","QB","PHI",536,0.16,NA,NA,NA,NA,NA,0.16,NA,NA,NA,0.16,0.16
"JOSHVAUGHAN","Josh Vaughan","RB","ATL",538,0.1,NA,NA,NA,NA,NA,0.1,NA,NA,NA,0.1,0.1
"KENDALLGASKINS","Kendall Gaskins","RB","NYG",538,0.1,NA,NA,NA,NA,NA,0.1,NA,NA,NA,0.1,0.1
"REXBURKHEAD","Rex Burkhead","RB","CIN",538,0.1,NA,NA,NA,NA,NA,0.1,NA,NA,NA,0.1,0.1
"RONNIEWINGO","Ronnie Wingo","RB","BUF",538,0.1,NA,NA,NA,NA,NA,0.1,NA,NA,NA,0.1,0.1
"COLTMCCOY","Colt McCoy","QB","WAS",542,0.08,NA,NA,NA,NA,NA,0.08,NA,NA,NA,0.08,0.08
"DANORLOVSKY","Dan Orlovsky","QB","DET",543,0.04,NA,NA,NA,NA,NA,0.04,NA,NA,NA,0.04,0.04
"AARONMURRAY","Aaron Murray","QB","KCC",544,0,NA,NA,NA,NA,NA,NA,NA,NA,NA,0,0
"ANTONIOANDREWS","Antonio Andrews","RB","TEN",544,0,NA,NA,NA,NA,NA,NA,NA,NA,NA,0,0
"AUSTINDAVIS","Austin Davis","QB","STL",544,0,NA,NA,NA,NA,NA,NA,NA,NA,NA,0,0
"BENMALENA","Ben Malena","RB","DAL",544,0,NA,NA,NA,NA,NA,NA,NA,NA,NA,0,0
"BRADSORENSEN","Brad Sorensen","QB","SDC",544,0,NA,NA,NA,NA,NA,NA,NA,NA,NA,0,0
"BRANDONWILLIAMS","Brandon Williams","TE","CAR",544,0,NA,NA,NA,NA,NA,NA,NA,NA,NA,0,0
"BRENNANCLAY","Brennan Clay","RB","DEN",544,0,NA,NA,NA,NA,NA,NA,NA,NA,NA,0,0
"CHRISHARPER","Chris Harper","WR","GBP",544,0,NA,NA,NA,NA,NA,NA,NA,NA,NA,0,0
"CHRISTHOMPSON","Chris Thompson","RB","WAS",544,0,16.4,NA,NA,NA,NA,NA,NA,NA,NA,5.46666666666667,0
"COBIHAMILTON","Cobi Hamilton","WR","CIN",544,0,NA,NA,NA,NA,NA,NA,NA,NA,NA,0,0
"COLTLYERLA","Colt Lyerla","TE","GBP",544,0,NA,NA,NA,NA,NA,NA,NA,NA,NA,0,0
"CROCKETTGILLMORE","Crockett Gillmore","TE","BAL",544,0,NA,NA,NA,NA,NA,NA,NA,NA,NA,0,0
"DAVIDFALES","David Fales","QB","CHI",544,0,NA,NA,NA,NA,NA,NA,NA,NA,NA,0,0
"DAVIDFLUELLEN","David Fluellen","RB","PHI",544,0,NA,NA,NA,NA,NA,NA,NA,NA,NA,0,0
"DAVIDWILSON","David Wilson","RB","NYG",544,0,NA,NA,NA,NA,NA,NA,NA,NA,NA,0,0
"DUSTINVAUGHAN","Dustin Vaughan","QB","DAL",544,0,NA,NA,NA,NA,NA,NA,NA,NA,NA,0,0
"HENRYJOSEY","Henry Josey","RB","PHI",544,0,NA,NA,NA,NA,NA,NA,NA,NA,NA,0,0
"JEREMIAHJOHNSON","Jeremiah Johnson","RB","DEN",544,0,NA,NA,NA,NA,NA,NA,NA,NA,NA,0,0
"JIMMYGAROPPOLO","Jimmy Garoppolo","QB","NEP",544,0,NA,NA,NA,NA,NA,NA,NA,NA,NA,0,0
"JOEBANYARD","Joe Banyard","RB","MIN",544,0,NA,NA,NA,NA,NA,NA,NA,NA,NA,0,0
"JOEWEBB","Joe Webb","QB","CAR",544,0,NA,NA,NA,NA,NA,NA,NA,NA,NA,0,0
"JORDANLYNCH","Jordan Lynch","RB","CHI",544,0,NA,NA,NA,NA,NA,NA,NA,NA,NA,0,0
"JORDANNORWOOD","Jordan Norwood","WR","DEN",544,0,NA,NA,NA,NA,NA,NA,NA,NA,NA,0,0
"JUWANTHOMPSON","Juwan Thompson","RB","DEN",544,0,NA,NA,NA,NA,NA,NA,NA,NA,NA,0,0
"KAPRIBIBBS","Kapri Bibbs","RB","DEN",544,0,NA,NA,NA,NA,NA,NA,NA,NA,NA,0,0
"KEALOHAPILARES","Kealoha Pilares","WR","CAR",544,0,NA,NA,NA,NA,NA,NA,NA,NA,NA,0,0
"KELLENMOORE","Kellen Moore","QB","DET",544,0,NA,NA,NA,NA,NA,NA,NA,NA,NA,0,0
"KENDALLHUNTER","Kendall Hunter","RB","SFO",544,0,NA,NA,NA,NA,NA,NA,NA,NA,NA,0,0
"KERWYNNWILLIAMS","Kerwynn Williams","RB","SDC",544,0,NA,NA,NA,NA,NA,NA,NA,NA,NA,0,0
"LANDRYJONES","Landry Jones","QB","PIT",544,0,NA,NA,NA,NA,NA,NA,NA,NA,NA,0,0
"LESTARJEAN","Lestar Jean","WR","MIN",544,0,NA,NA,NA,NA,NA,NA,NA,NA,NA,0,0
"LUKEMCCOWN","Luke McCown","QB","NOS",544,0,NA,NA,NA,NA,NA,NA,NA,NA,NA,0,0
"MATTHEWMULLIGAN","Matthew Mulligan","TE","CHI",544,0,NA,NA,NA,NA,NA,NA,NA,NA,NA,0,0
"MATTHEWTUCKER","Matthew Tucker","RB","PHI",544,0,NA,NA,NA,NA,NA,NA,NA,NA,NA,0,0
"MCLEODBETHELTHOMPSON","McLeod Bethel-Thompson","QB","SFO",544,0,NA,NA,NA,NA,NA,NA,NA,NA,NA,0,0
"MIKEKAFKA","Mike Kafka","QB","TBB",544,0,NA,NA,NA,NA,NA,NA,NA,NA,NA,0,0
"NICKKASA","Nick Kasa","TE","OAK",544,0,NA,NA,NA,NA,NA,NA,NA,NA,NA,0,0
"RAJIONNEAL","Rajion Neal","RB","GBP",544,0,NA,NA,NA,NA,NA,NA,NA,NA,NA,0,0
"SEANRENFREE","Sean Renfree","QB","ATL",544,0,NA,NA,NA,NA,NA,NA,NA,NA,NA,0,0
"TOBAISPALMER","Tobais Palmer","WR","NOS",544,0,NA,NA,NA,NA,NA,NA,NA,NA,NA,0,0
"VICKBALLARD","Vick Ballard","RB","IND",544,0,NA,NA,NA,NA,NA,NA,NA,NA,NA,0,0
"ZACDYSERT","Zac Dysert","QB","DEN",544,0,NA,NA,NA,NA,NA,NA,NA,NA,NA,0,0
"ZACHLINE","Zach Line","RB","MIN",544,0,NA,NA,NA,NA,NA,NA,NA,NA,NA,0,0
"ERICPAGE","Eric Page","WR","TBB",587,-0.5,NA,NA,NA,NA,NA,-0.5,NA,NA,NA,-0.5,-0.5
"CURTISPAINTER","Curtis Painter","QB","NYG",588,-1.16,NA,NA,NA,NA,NA,-1.16,NA,NA,NA,-1.16,-1.16
"RYANLINDLEY","Ryan Lindley","QB","ARI",589,-1.22,NA,NA,NA,NA,NA,-1.22,NA,NA,NA,-1.22,-1.22
"MARCMARIANI","Marc Mariani","WR","TEN",590,-1.3,NA,NA,NA,NA,NA,-1.3,NA,NA,NA,-1.3,-1.3
"RYANNASSIB","Ryan Nassib","QB","NYG",591,-1.32,NA,NA,NA,NA,NA,-1.32,NA,NA,NA,-1.32,-1.32
"JEREMYEBERT","Jeremy Ebert","WR","ATL",592,-1.6,NA,NA,NA,NA,NA,-1.6,NA,NA,NA,-1.6,-1.6
"TRINDONHOLLIDAY","Trindon Holliday","WR","NYG",593,-2,NA,NA,NA,NA,NA,-2,NA,NA,NA,-2,-2
"MATTSIMMS","Matt Simms","QB","NYJ",594,-2.22,NA,NA,NA,NA,NA,-2.22,NA,NA,NA,-2.22,-2.22
