name,player,pos,team,overallRank,projectedPtsMean,projectedPtsMedian,pick,sdPts,sdPick,risk
PEYTONMANNING,Peyton Manning,QB,DEN,1,447.8675,443.704599,17.96687771,12.60893759,7.9565,3.796971627
DREWBREES,Drew Brees,QB,NO,2,413.11,412.8766919,24.77472509,6.835434985,4.9826,2.777102414
AARONRODGERS,Aaron Rodgers,QB,GB,3,407.1825,405.0113594,23.34866711,19.92302311,6.0739,4.502105802
MATTHEWSTAFFORD,Matthew Stafford,QB,DET,4,365.595,365.8721422,48.71167944,22.72870495,7.0739,4.951477454
NICKFOLES,Nick Foles,QB,PHI,5,359.1625,357.5464107,66.92079307,13.25537277,9.9152,4.080027164
ANDREWLUCK,Andrew Luck,QB,IND,6,352.6,352.4383398,54.45448184,13.81262776,9.3978,4.09490676
TOMBRADY,Tom Brady,QB,NE,7,344.5342857,344.313624,72.94935022,18.59127701,9.0565,4.647914585
MATTRYAN,Matt Ryan,QB,ATL,8,342.6825,343.0251037,73.2344052,15.82427046,15.1543,4.940558289
COLINKAEPERNICK,Colin Kaepernick,QB,SF,9,345.6825,339.9037574,87.41296235,25.94337887,11.9891,5.857887937
TONYROMO,Tony Romo,QB,DAL,10,338.82,339.7796831,85.19343552,16.27683835,12.9565,4.768002207
ROBERTGRIFFIN,Robert Griffin III,QB,WAS,11,339.9675,338.7887384,70.01812729,14.62608799,11.4891,4.412303564
CAMNEWTON,Cam Newton,QB,CAR,12,339.2725,336.145878,77.79153615,13.24290403,17.5543,4.87196963
JAYCUTLER,Jay Cutler,QB,CHI,13,327.94,327.5254208,92.68120626,17.23786309,14.1891,5.014376912
RUSSELLWILSON,Russell Wilson,QB,SEA,14,327.1542857,324.8466937,106.9874342,12.13064282,17.1304,4.690971315
PHILIPRIVERS,Philip Rivers,QB,SD,15,321.9557143,320.8118622,104.8356714,9.883928032,15.3065,4.224853748
BENROETHLISBERGER,Ben Roethlisberger,QB,PIT,16,315.68,317.203457,113.4249537,20.34261443,15.2304,5.504866839
ANDYDALTON,Andy Dalton,QB,CIN,17,306.7771429,304.7419935,130.2769231,11.11880603,15.6478,4.412371794
ALEXSMITH,Alex Smith,QB,KC,18,300.8885714,299.5716781,147.9,22.66945921,18.3,6.110243489
CARSONPALMER,Carson Palmer,QB,ARI,19,290.4914286,289.3576674,140,28.15614523,14.5,6.391184084
RYANTANNEHILL,Ryan Tannehill,QB,MIA,20,290.9342857,283.5201346,141.4,19.1086951,11.11195,4.925132007
SAMBRADFORD,Sam Bradford,QB,STL,21,277.2057143,276.2815353,164.4,33.50068798,18.3,7.444037248
JOEFLACCO,Joe Flacco,QB,BAL,22,274.5,272.8697158,160.2,12.29525886,16,4.593827358
ELIMANNING,Eli Manning,QB,NYG,23,268.0614286,269.3714177,139.4,17.34553037,13.7652,4.983604673
JAMAALCHARLES,Jamaal Charles,RB,KC,24,260.5083333,264.5368411,2.070776408,15.95348148,1.1913,3.506124565
LESEANMCCOY,LeSean McCoy,RB,PHI,25,254.9541667,253.800425,1.7038987,16.23263358,1.009417669,3.521608061
JOHNNYMANZIEL,Johnny Manziel,QB,CLE,26,251.8457143,243.9890413,144.0125,50.51494791,18.44455,9.55424465
EJMANUEL,E.J. Manuel,QB,BUF,27,243.6742857,242.3746183,173.9,20.46465571,17.2,5.724478947
MATTFORTE,Matt Forte,RB,CHI,28,239.1791667,241.9454824,4.101299567,10.06818717,1.291973226,2.791846716
ADRIANPETERSON,Adrian Peterson,RB,MIN,29,239.6791667,237.8111748,2.879223592,12.05101507,1.2913,3.035948851
JAKELOCKER,Jake Locker,QB,TEN,30,235.4514286,232.6186094,167.3,56.17802383,18.7,10.27814852
JOSHMCCOWN,Josh McCown,QB,TB,31,234.1371429,230.5093527,144.8292683,38.84021529,18.7804,8.151463946
CALVINJOHNSON,Calvin Johnson,WR,DET,32,228.0791667,228.925279,5.904548484,11.37866895,1.4413,2.96873449
GENOSMITH,Geno Smith,QB,NYJ,33,219.42,224.1106549,173.2,22.84817842,15,5.789478588
EDDIELACY,Eddie Lacy,RB,GB,34,222.8875,221.1009099,6.024025325,17.04879028,1.4413,3.666972206
DEMARYIUSTHOMAS,Demaryius Thomas,WR,DEN,35,218.8791667,219.67489,9.929890037,10.53605205,2.0413,2.927294186
DEMARCOMURRAY,DeMarco Murray,RB,DAL,36,206.75,209.7253703,14.23115628,14.74923727,3.0413,3.549990514
MARSHAWNLYNCH,Marshawn Lynch,RB,SEA,37,210.8833333,208.8255662,10.04480173,16.8942932,2.8413,3.79336576
MONTEEBALL,Montee Ball,RB,DEN,38,207.2375,205.0748109,13.39283572,16.66818505,3.6826,3.852908382
DEZBRYANT,Dez Bryant,WR,DAL,39,205.35,204.8499284,13.00973009,8.726642293,2.6826,2.771089629
JULIOJONES,Julio Jones,WR,ATL,40,200.3991667,198.9990302,14.80844718,6.203597459,3.6326,2.559070516
LEVEONBELL,Le'Veon Bell,RB,PIT,41,196.5583333,198.6251715,17.83442186,11.69612268,5.3326,3.412018474
AJGREEN,A.J. Green,WR,CIN,42,197.3041667,198.25,15.02272576,10.18948162,3.2326,3.00835739
BRANDONMARSHALL,Brandon Marshall,WR,CHI,43,194.4708333,195.475,15.89480173,8.850252216,2.2913,2.745666803
RYANFITZPATRICK,Ryan Fitzpatrick,QB,HOU,44,194.4114286,194.9086671,180,41.39185082,18.1,8.395007328
JIMMYGRAHAM,Jimmy Graham,TE,NO,45,195.325,194.8120612,9.664945018,12.67322825,3.9239,3.386020009
DOUGMARTIN,Doug Martin,RB,TB,46,193.6542857,193.8800845,24.00194935,10.57258359,5.8739,3.329887267
GIOVANIBERNARD,Giovani Bernard,RB,CIN,47,193.5333333,193.0315177,16.8227091,21.67691333,4.7239,4.577860401
ARIANFOSTER,Arian Foster,RB,HOU,48,192.4342857,192.697452,17.90196601,12.6581613,8.5152,3.861065705
MATTSCHAUB,Matt Schaub,QB,OAK,49,195.2385714,192.2797511,190.9,51.91234677,16.1,9.482795205
ZACSTACY,Zac Stacy,RB,STL,50,190.1028571,190.5499832,24.50649783,9.615760872,3.9913,3.016514122
ANDREELLINGTON,Andre Ellington,RB,ARI,51,187.26,187.675205,30.3961013,14.91539633,6.3152,3.910513857
JORDYNELSON,Jordy Nelson,WR,GB,52,183.1125,184.3504356,21.17402532,9.066854865,3.6826,2.916855145
TOBYGERHART,Toby Gerhart,RB,JAC,53,183.7428571,184.125298,36.85971343,21.27579667,8.8478,4.956817525
ALFREDMORRIS,Alfred Morris,RB,WAS,54,184.92,183.375113,19.2565145,11.17420499,4.7326,3.285425423
ANTONIOBROWN,Antonio Brown,WR,PIT,55,182.6683333,182.1750032,24.28698767,9.184918928,3.9326,2.957361599
ALSHONJEFFERY,Alshon Jeffery,WR,CHI,56,183.8641667,181.425,25.3571143,7.29395628,4.2326,2.75566331
RANDALLCOBB,Randall Cobb,WR,GB,57,171.6891667,170.9749865,29.61496168,9.315497073,2.6913,2.844506852
FRANKGORE,Frank Gore,RB,SF,58,171.3057143,169.4252374,45.44615128,14.58947762,8.9239,4.141346374
VINCENTJACKSON,Vincent Jackson,WR,TB,59,169.2114286,169.424059,34.29411863,10.30589291,5.4652,3.254594169
REGGIEBUSH,Reggie Bush,RB,DET,60,165.2428571,167.822811,38.84478507,21.15986767,8.4239,4.898510893
RYANMATHEWS,Ryan Mathews,RB,SD,61,167.4457143,167.5520209,42.1877041,9.569992785,6.5739,3.279134301
CJSPILLER,C.J. Spiller,RB,BUF,62,166.6171429,167.4594369,33.55586471,13.01888738,11.3391,4.198806911
ANDREJOHNSON,Andre Johnson,WR,HOU,63,165.8657143,166.6503385,43.99218594,14.90043144,8.9152,4.178734594
BISHOPSANKEY,Bishop Sankey,RB,TEN,64,166.4228571,164.5500466,47.21039653,26.68087419,9.7826,5.719515098
RASHADJENNINGS,Rashad Jennings,RB,NYG,65,164.5971429,163.175507,48.21886038,15.49234834,12.0391,4.576106592
TEDDYBRIDGEWATER,Teddy Bridgewater,QB,MIN,66,165.0071429,162.6728571,186.5,70.1630574,23.7,12.51966536
RAYRICE,Ray Rice,RB,BAL,67,160.1428571,161.9711139,61.00393202,14.12218788,14.0478,4.616025324
JOIQUEBELL,Joique Bell,RB,DET,68,161.3142857,161.5500824,54.64151949,13.55848004,10.4978,4.17786782
TRENTRICHARDSON,Trent Richardson,RB,IND,69,161.6714286,161.0001978,62.58052316,14.0792654,13.8565,4.590869261
LARRYFITZGERALD,Larry Fitzgerald,WR,ARI,70,161.9754286,160.9371781,42.46754415,10.99553849,9.8804,3.798128912
CHADHENNE,Chad Henne,QB,JAC,71,160.6357143,159.6062461,191.2,42.76445425,23.2,9.093774373
CHRISJOHNSON,Chris Johnson,RB,NYJ,72,160.6028571,159.0529095,55.82082639,13.570416,12.5304,4.390465038
MICHAELCRABTREE,Michael Crabtree,WR,SF,73,155.9245714,156.7003254,47.15261579,16.65217446,12.8717,4.805414125
PIERREGARCON,Pierre Garcon,WR,WAS,74,157.0985714,156.5356195,37.2143119,12.63104169,5.5326,3.547921651
KEENANALLEN,Keenan Allen,WR,SD,75,158.6228571,156.3038043,35.00713096,8.825423233,4.1413,2.93476989
CORDARRELLEPATTERSON,Cordarrelle Patterson,WR,MIN,76,156.6254286,156.3002988,53.2805065,19.62803474,8.3152,4.698585124
ROBGRONKOWSKI,Rob Gronkowski,TE,NE,77,154.5908333,155.7025029,35.17532489,22.68931467,10.0652,5.257334931
JULIUSTHOMAS,Julius Thomas,TE,DEN,78,155.4166667,155.5999968,33.92209264,13.05600573,8.4978,3.908250251
BENTATE,Ben Tate,RB,CLE,79,153.38,155.2248708,56.84676774,19.40660172,10.3739,4.885155528
VICTORCRUZ,Victor Cruz,WR,NYG,80,159.3714286,154.8501209,38.14475175,14.57685707,8.2652,4.071372672
RODDYWHITE,Roddy White,WR,ATL,81,154.5485714,154.6476373,46.90516495,9.76046447,9.6978,3.627070992
WESWELKER,Wes Welker,WR,DEN,82,149.6942857,149.3642902,47.19868377,11.28374305,11.3978,3.991232635
MICHAELFLOYD,Michael Floyd,WR,ARI,83,147.54,146.25,54.94471843,9.526604352,7.6652,3.387145291
SHANEVEREEN,Shane Vereen,RB,NE,84,147.2285714,145.3210912,54.40718094,22.46350479,8.5152,5.068528516
TORREYSMITH,Torrey Smith,WR,BAL,85,146.72,144.5629612,59.50778074,10.83846765,10.8804,3.882657284
DESEANJACKSON,DeSean Jackson,WR,WAS,86,144.3631429,144.532377,54.83893702,8.51720304,7.8739,3.28452203
PERCYHARVIN,Percy Harvin,WR,SEA,87,142.7085714,144.0249346,50.3994002,18.70208799,9.8152,4.740366845
MIKEWALLACE,Mike Wallace,WR,MIA,88,139.7505714,140.1753004,66.06424525,8.427320367,9.4652,3.438742864
LAMARMILLER,Lamar Miller,RB,MIA,89,134.34,140.0002091,74.00774742,25.07252338,12.8478,5.839841562
PIERRETHOMAS,Pierre Thomas,RB,NO,90,136.4714286,138.3751469,80.64031989,10.48688523,10.9652,3.848170476
FREDJACKSON,Fred Jackson,RB,BUF,91,137.7828571,138.0102935,93.5032989,17.94052343,14.013,5.082613245
VERNONDAVIS,Vernon Davis,TE,SF,92,136.1708333,137.4219588,59.02335888,17.96523925,9.6152,4.628854705
STEVANRIDLEY,Stevan Ridley,RB,NE,93,141.3771429,136.1750848,71.06752749,17.48018579,12.8891,4.909185559
STEVENJACKSON,Steven Jackson,RB,ATL,94,130.0971429,136.0714012,75.35913029,27.43175949,14.8565,6.339010668
MARQUESCOLSTON,Marques Colston,WR,NO,95,135.2942857,135.9752976,74.65126624,7.466337153,11.0565,3.485693462
JEREMYMACLIN,Jeremy Maclin,WR,PHI,96,138.8714286,135.8752888,66.7428857,16.66850466,12.2978,4.747813742
TYHILTON,T.Y. Hilton,WR,IND,97,137.1662857,135.694708,62.90126624,10.33527201,12.1065,3.948047833
MAURICEJONESDREW,Maurice Jones-Drew,RB,OAK,98,134.9,135.6027714,83.93502166,11.47792913,13.2565,4.208209646
JULIANEDELMAN,Julian Edelman,WR,NE,99,136.8168571,135.5121105,75.65324892,9.0478561,12.3978,3.819768635
EMMANUELSANDERS,Emmanuel Sanders,WR,DEN,100,135.4868571,133.2918639,77.00913029,11.22259456,12.1978,4.066799086
ERICDECKER,Eric Decker,WR,NYJ,101,137.1771429,132.9254074,85.52142619,16.14774052,10.4978,4.496718021
KENDALLWRIGHT,Kendall Wright,WR,TEN,102,133.3037143,130.9204646,82.90516495,10.01939857,10.0478,3.695311713
GOLDENTATE,Golden Tate,WR,DET,103,129.1397143,129.3300433,81.61497834,15.37725702,13.2891,4.691772113
JORDANCAMERON,Jordan Cameron,TE,CLE,104,126.6791667,128.85,61.78965345,8.195196764,13.5391,3.833316828
REGGIEWAYNE,Reggie Wayne,WR,IND,105,127.1491429,127.5070841,87.50326558,14.14819995,14.413,4.657162081
TERRANCEWILLIAMS,Terrance Williams,WR,DAL,106,128.4948571,126.8308626,83.85773076,10.07188638,10.9652,3.797066128
SAMMYWATKINS,Sammy Watkins,WR,BUF,107,127.5342857,126.6035411,86.84406864,13.14380173,11.2065,4.20041604
JASONWITTEN,Jason Witten,TE,DAL,108,124.4291667,125.8426129,75.01099633,6.53833476,7.5739,3.009676387
DEANGELOWILLIAMS,DeAngelo Williams,RB,CAR,109,125.4514286,125.766304,112.6976307,18.48537388,13.0391,5.048548375
DANNYWOODHEAD,Danny Woodhead,RB,SD,110,123.96,125.3615384,104.12011,10.29294719,14.3217,4.172929968
DENNISPITTA,Dennis Pitta,TE,BAL,111,121.5875,122.5285181,97.30264912,11.66018102,15.2043,4.43297191
DWAYNEBOWE,Dwayne Bowe,WR,KC,112,118.1228571,118.45,105.447934,14.18164474,12.0391,4.414702165
GREGOLSEN,Greg Olsen,TE,CAR,113,116.2208333,117.5657373,83.17082639,5.426110815,12.9717,3.433386138
JORDANREED,Jordan Reed,TE,WAS,114,118.1041667,117.4746117,80.02272576,13.6367086,8.6239,3.992858028
RUEBENRANDLE,Rueben Randle,WR,NYG,115,116.5571429,116.499993,109.2441686,12.02465721,15.5804,4.51692046
CECILSHORTS,Cecil Shorts,WR,JAC,116,116.5571429,116.1346498,110.3096301,12.78173921,15.0978,4.560022119
BERNARDPIERCE,Bernard Pierce,RB,BAL,117,112.3914286,115.9999985,96.53637121,20.97036458,11.7239,5.217947831
MATTCASSEL,Matt Cassel,QB,MIN,118,118.5914286,114.831334,199.8,51.49607345,36.6,11.56088124
KYLERUDOLPH,Kyle Rudolph,TE,MIN,119,112.9,114.5002202,100.0188271,11.60095439,15.8456,4.492290761
RILEYCOOPER,Riley Cooper,WR,PHI,120,114.5116667,113.7503728,104.1604465,14.59529605,16.0891,4.886316505
TERRANCEWEST,Terrance West,RB,CLE,121,112.9228571,112.7247255,98.55129957,23.88722512,17.1891,6.144813408
BRIANHARTLINE,Brian Hartline,WR,MIA,122,110.6,112.4997631,125.4,15.0357463,16.9,5.024783693
BRANDINCOOKS,Brandin Cooks,WR,NO,123,114.2008571,112.2637435,97.61296235,21.57949236,17.1304,5.854534269
MIKEEVANS,Mike Evans,WR,TB,124,109.8714286,111.9393603,101.2896201,14.20826386,11.6065,4.37304571
DEANDREHOPKINS,DeAndre Hopkins,WR,HOU,125,112.6114286,110.2251815,119.45,11.31175116,12.0391,4.061293865
KELVINBENJAMIN,Kelvin Benjamin,WR,CAR,126,110.6971429,110.0751856,111.5811896,9.111844725,17.6217,4.370258041
KNOWSHONMORENO,Knowshon Moreno,RB,MIA,127,109.28,109.0252975,109.37011,17.20442911,17.1891,5.321871543
GREGJENNINGS,Greg Jennings,WR,MIN,128,107.7257143,107.8324417,121.3,15.89989518,20.3,5.484357921
DARRENMCFADDEN,Darren McFadden,RB,OAK,129,105.6628571,107.250085,108.9883039,18.9196421,14.8478,5.289896372
JEREMYHILL,Jeremy Hill,RB,CIN,130,105.5385714,107.1831515,108.6553001,17.5623972,16.5891,5.30363057
ANQUANBOLDIN,Anquan Boldin,WR,SF,131,108.5388571,106.5065779,116.0916195,11.0117193,14.613,4.291699477
JUSTINHUNTER,Justin Hunter,WR,TEN,132,106.4151429,105.9121872,124,15.46087427,15.42715,4.92414956
DOUGBALDWIN,Doug Baldwin,WR,SEA,133,104.758,105.1684353,140.9,14.12012967,23.4,5.587190504
KENNYSTILLS,Kenny Stills,WR,NO,134,103.3171429,104.8728895,129.7536151,11.08961333,15.0065,4.34216469
DARRENSPROLES,Darren Sproles,RB,PHI,135,105.6171429,104.1506264,99.8377041,15.55181815,12.8978,4.672623588
JARRETTBOYKIN,Jarrett Boykin,WR,GB,136,104.4457143,103.6750718,136.9359388,7.095739835,14.6739,3.81579838
HAKEEMNICKS,Hakeem Nicks,WR,IND,137,101.4885714,103.3445742,112.4597468,12.99959706,19.4456,5.038458464
ZACHERTZ,Zach Ertz,TE,PHI,138,103.3828571,102.35,114.9762014,10.1006129,18.3108,4.563595494
DANNYAMENDOLA,Danny Amendola,WR,NE,139,97.69685714,101.9499629,129.6026316,25.39571083,15.1478,6.118542329
TAVONAUSTIN,Tavon Austin,WR,STL,140,99.56771429,101.1300246,119.9751749,19.85520119,15.6304,5.486393382
MARTELLUSBENNETT,Martellus Bennett,TE,CHI,141,102.0571429,100.4751971,128.02016,8.861527333,13.7304,3.93524145
JAMESJONES,James Jones,WR,OAK,142,103.6114286,99.35010616,136.8388889,19.20736466,17.8478,5.636939294
CHARLESCLAY,Charles Clay,TE,MIA,143,99.84535714,98.94945932,131.9166667,9.252611729,17.713,4.397075947
CHRISIVORY,Chris Ivory,RB,NYJ,144,100.3142857,98.04998799,129.125,16.99500655,24.4629,6.051616526
ANDREWILLIAMS,Andre Williams,RB,NYG,145,101.4085714,97.85110394,126.7,31.32417992,28,8.183559591
MARKUSWHEATON,Markus Wheaton,WR,PIT,146,96.67228571,97.54840837,129.85,19.85657778,13.5652,5.272049334
KHIRYROBINSON,Khiry Robinson,RB,NO,147,97.91714286,97.355,122.8097468,27.12243773,21.1217,6.951689842
ROBERTWOODS,Robert Woods,WR,BUF,148,95.71085714,96.2747206,161.5,18.20264345,23.5,6.100311973
LADARIUSGREEN,Ladarius Green,TE,SD,149,97.05142857,96.14630664,127.55,11.0687032,19.37495,4.793343274
HEATHMILLER,Heath Miller,TE,PIT,150,94.90285714,95.50027045,146.5,9.849437983,10.35,3.705771894
HARRYDOUGLAS,Harry Douglas,WR,ATL,151,95.80857143,95.075,160.6,12.13683884,26.1,5.623412057
DELANIEWALKER,Delanie Walker,TE,TEN,152,95.55714286,94.81449412,151.7,4.184893467,15.2,3.51199334
STEVESMITH,Steve Smith,WR,BAL,153,96.12,94.65170661,142.9834234,8.196921606,13.0739,3.785208627
KENNYBRITT,Kenny Britt,WR,STL,154,91.43714286,94.12461374,142.5,20.04037591,29.9,6.991388345
CARLOSHYDE,Carlos Hyde,RB,SF,155,94.90571429,92.185,126.7,26.61709154,18.9391,6.662751846
ANTONIOGATES,Antonio Gates,TE,SD,156,92.97142857,91.8152129,145.25,9.803522205,7.85,3.440441169
RODSTREATER,Rod Streater,WR,OAK,157,91.99514286,91.66620522,156.4,11.46718777,23,5.218950119
ANDREWHAWKINS,Andrew Hawkins,WR,CLE,158,89.28085714,90.65957421,151.9,8.203214527,23.7,4.889722952
JERRICHOCOTCHERY,Jerricho Cotchery,WR,CAR,159,91.98,90.37469959,164.7,15.14814149,24.3,5.80726686
DEVONTAFREEMAN,Devonta Freeman,RB,ATL,160,92.84285714,90.15013243,123.1488926,28.62836589,17.3304,6.743330265
MARKINGRAM,Mark Ingram,RB,NO,161,93.14571429,89.35553472,123.9,21.90872842,19.8,6.172370455
MARQISELEE,Marqise Lee,WR,JAC,162,89.56571429,89.12524638,156.3,12.27787402,28.2,5.858907863
AARONDOBSON,Aaron Dobson,WR,NE,163,87.02,88.89749931,133,21.26800638,13.2826,5.416503544
NATEWASHINGTON,Nate Washington,WR,TEN,164,86.32,87.92445932,189.3,15.64404649,29.3,6.387687266
MARVINJONES,Marvin Jones,WR,CIN,165,86.97628571,87.55029954,132.7696686,9.328084323,27.6869,5.442364882
MICHAELVICK,Michael Vick,QB,NYJ,166,85.32714286,87.29331242,224.3,64.99676882,38,13.36882089
LEGARRETTEBLOUNT,LeGarrette Blount,RB,PIT,167,87.80833333,87.10019435,137.7306723,29.06022052,17.6978,6.834672348
DWAYNEALLEN,Dwayne Allen,TE,IND,168,84.92285714,87.0247595,153.1,14.83112878,16.3,4.937264047
ODELLBECKHAM,Odell Beckham,WR,NYG,169,86.34571429,86.91074116,143.05,4.15199321,12.75,3.25345892
MALCOMFLOYD,Malcom Floyd,WR,SD,170,86.10571429,86.12513033,154.1,12.41853454,24.9,5.533456286
ANDREHOLMES,Andre Holmes,WR,OAK,171,84.92,84.91791587,162.9,16.08353195,23,5.787422191
JORDANMATTHEWS,Jordan Matthews,WR,PHI,172,86.03666667,84.40000629,135.3785714,17.49091193,20.0956,5.659049897
MILESAUSTIN,Miles Austin,WR,CLE,173,86.22285714,83.45006321,162.6,27.1025829,19.2,6.749636717
JAREDCOOK,Jared Cook,TE,STL,174,84.42857143,83.00001275,167.4,8.623969918,19.3,4.484505534
GARRETTGRAHAM,Garrett Graham,TE,HOU,175,80.74,82.49984717,163.2,15.16804285,20.9,5.456557537
SHONNGREENE,Shonn Greene,RB,TEN,176,85.72,82.34145385,142.2,18.26737712,23,6.056348193
LANCEDUNBAR,Lance Dunbar,RB,DAL,177,79.14571429,82.2753623,153.3,16.76782633,21.7,5.73665671
DONNIEAVERY,Donnie Avery,WR,KC,178,79.746,80.29009511,189,8.161421153,7.2,3.170711459
ERICEBRON,Eric Ebron,TE,DET,179,79.80857143,79.75,143.7006831,11.07124117,27.0673,5.592664825
JEREMYKERLEY,Jeremy Kerley,WR,NYJ,180,75.95971429,79.43182679,188.6,5.355974412,12.2,3.344592364
JONATHANSTEWART,Jonathan Stewart,RB,CAR,181,78.69142857,79.32760397,135.6833333,16.03151658,15.1739,4.968115133
RONNIEHILLMAN,Ronnie Hillman,RB,DEN,182,75.32857143,79.05250376,166.7,18.77744341,28.8,6.721608949
KNILEDAVIS,Knile Davis,RB,KC,183,76.58,78.17496158,160.9,13.86839504,19.4,5.140708655
MIKEWILLIAMS,Mike Williams,WR,BUF,184,77.72,78.125,169.6,14.47802933,20.1,5.288490483
ROYHELU,Roy Helu,RB,WAS,185,74.41428571,77.47474358,168.9,13.16367657,19.4,5.053927265
TYLEREIFERT,Tyler Eifert,TE,CIN,186,76.20857143,76.475,155.9,10.93785476,16.2,4.447446194
LANCEMOORE,Lance Moore,WR,PIT,187,76.02,75.4246797,178.7,9.302764566,41.7,6.894796042
MIKETOLBERT,Mike Tolbert,RB,CAR,188,75.60857143,74.79028983,174.8,8.493470882,23.8,4.935853151
DEXTERMCCLUSTER,Dexter McCluster,RB,TEN,189,71.81666667,74.65000927,175.7,21.96457754,19,6.096151423
MARCEDESLEWIS,Marcedes Lewis,TE,JAC,190,72.28571429,73.92526819,184.2,11.20854266,21.7,5.052067914
ANDREROBERTS,Andre Roberts,WR,WAS,191,71.70142857,73.6434623,193.7,11.27733188,23.8,5.27866711
CHRISTINEMICHAEL,Christine Michael,RB,SEA,192,76.20571429,73.4452871,132.4529309,34.85360595,15.8478,7.355928606
MOHAMEDSANU,Mohamed Sanu,WR,CIN,193,72.83914286,73.13110085,176.6,8.086191346,25.6,5.072666468
AHMADBRADSHAW,Ahmad Bradshaw,RB,IND,194,76.43142857,72.67660333,124.3,20.94352952,14.4652,5.49938375
CHRISGIVENS,Chris Givens,WR,STL,195,71.17914286,71.28381483,182.3,31.88928862,53,10.84991399
BLAKEBORTLES,Blake Bortles,QB,JAC,196,80.53,70.55858209,234,39.45273332,32,9.600019264
STEPFANTAYLOR,Stepfan Taylor,RB,ARI,197,73.79428571,70.45158449,176.6,22.37839094,22,6.458721592
BRANDONLAFELL,Brandon LaFell,WR,NE,198,64.39428571,70.42479629,179.2,20.76744247,47.1,8.867496091
SCOTTCHANDLER,Scott Chandler,TE,BUF,199,70.72571429,70.26959452,228,9.554355776,54,8.203386217
BRIANHOYER,Brian Hoyer,QB,CLE,200,79,70.01998218,210,54.06453872,36.8,11.89794476
TIMOTHYWRIGHT,Timothy Wright,TE,TB,201,67.7,68.575,0,11.75117015,0,4.111032641
STEVEJOHNSON,Steve Johnson,WR,SF,202,69.8,68.55,164.6,15.8068656,23.9,5.846836111
JAMESWHITE,James White,RB,NE,203,66.81285714,68.52259552,156.3,19.37571664,23.8,6.275929312
COBYFLEENER,Coby Fleener,TE,IND,204,67.80857143,68.49966381,174.2,11.96082892,17.8,4.739611618
JAMESSTARKS,James Starks,RB,GB,205,71.48571429,68.475,161.3,15.66561172,24.2,5.860602816
JERMAINEKEARSE,Jermaine Kearse,WR,SEA,206,66.64285714,68.26034924,178.7,16.76592349,17.5,5.300165863
NATEBURLESON,Nate Burleson,WR,CLE,207,66.72,67.58909573,208,11.44529431,40.4,7.023602543
JONATHANGRIMES,Jonathan Grimes,RB,HOU,208,70.82285714,67.55002562,169.3,23.07573452,40.6,8.476587993
JACQUIZZRODGERS,Jacquizz Rodgers,RB,ATL,209,66.48571429,66.97560069,180.9,13.84791544,15.8,4.764252564
EDDIEROYAL,Eddie Royal,WR,SD,210,65.00771429,66.81755601,193.3,17.88002783,2.1,3.837753145
LEVINETOILOLO,Levine Toilolo,TE,ATL,211,65.34666667,66.44999619,192.3,9.770090412,23.6,5.072286232
TRAVISKELCE,Travis Kelce,TE,KC,212,65.81142857,66.44974132,162.6,12.26875629,21.8,5.193013229
MYCHALRIVERA,Mychal Rivera,TE,OAK,213,62.32285714,63.87476497,234,12.14095783,65,9.664485662
STEVIEJOHNSON,Stevie Johnson,WR,SF,214,63.85,63.85,0,2.899137803,0,1.930894865
JACEAMARO,Jace Amaro,TE,NYJ,215,58.83428571,63.70006688,179.4,23.62694185,13.7,5.750346341
JEROMESIMPSON,Jerome Simpson,WR,MIN,216,62.02285714,63.60028952,0,15.73817016,0,5.092977688
EARLBENNETT,Earl Bennett,WR,CLE,217,63.55,63.55,0,17.88980156,0,5.622895871
ZACHMILLER,Zach Miller,TE,SEA,218,61.20571429,63.24984994,219,11.56455998,25,5.438682062
KENBRELLTHOMPKINS,Kenbrell Thompkins,WR,NE,219,59.02,63.1,159,19.8784976,29.2,6.898744687
BRANDONGIBSON,Brandon Gibson,WR,MIA,220,61.43,61.90023378,191,15.17911943,6,3.910249589
MARLONBROWN,Marlon Brown,WR,BAL,221,54.73428571,61.5246507,191.6,23.242623,22.3,6.5963072
DENARIUSMOORE,Denarius Moore,WR,OAK,222,62.32,60.82520488,178.6,23.40249274,18,6.169350512
DONALDBROWN,Donald Brown,RB,SD,223,62.44571429,60.67551621,160.1,11.57920961,20.9,5.014616602
AUSTINPETTIS,Austin Pettis,WR,STL,224,43.98333333,60.55000103,0,25.65612987,0,7.535639188
BRIANQUICK,Brian Quick,WR,STL,225,58.69666667,60.34992645,193.7,15.75991751,29.1,6.381181892
BRENTCELEK,Brent Celek,TE,PHI,226,61.44857143,60.25,0,11.42561867,0,4.030853641
MARCELREECE,Marcel Reece,RB,OAK,227,57.30666667,59.90638469,185.7,5.166817202,9.7,3.06162241
ALLENROBINSON,Allen Robinson,WR,JAC,228,57.89428571,57.875,172.8,20.82437903,18.8,5.934969441
JERMAINEGRESHAM,Jermaine Gresham,TE,CIN,229,59.82,57.82516615,210,15.36678546,37.7,7.226057464
JERRELJERNIGAN,Jerrel Jernigan,WR,NYG,230,52.99266667,57.53205561,187.3,24.47446152,63.1,10.98592044
BRANDONBOSTICK,Brandon Bostick,TE,GB,231,55.59333333,56.24999666,196,11.01303773,40.5,6.980760081
TEDGINN,Ted Ginn,WR,ARI,232,55.31714286,56.17153203,0,20.21227821,0,6.194890965
AUSTINSEFERIANJENKINS,Austin Seferian-Jenkins,TE,RIA,233,55.37,55.85008367,192.1,20.26351401,32.5,7.28892988
JORDANTODMAN,Jordan Todman,RB,JAC,234,50.96571429,55.525,183.8,20.2077425,25.8,6.586128963
JOHNBROWN,John Brown,WR,ARI,235,51.08,55.09962624,168.4,25.18579917,27.1,7.334175302
TREMASON,Tre Mason,RB,STL,236,59.30428571,54.47886396,145.7932027,29.64383715,24.1847,7.580339055
JEFFCUMBERLAND,Jeff Cumberland,TE,NYJ,237,54.03666667,54.34985264,0,11.39135637,0,4.022415294
KADEEMCAREY,Ka'Deem Carey,RB,CHI,238,53.88333333,54.3,187.8,8.574069434,32.5,5.849452555
GREGLITTLE,Greg Little,WR,OAK,239,53.1,53.5502981,0,18.65140745,0,5.810469267
JOSHGORDON,Josh Gordon,WR,CLE,240,42.8,53.4632501,118.8668444,9.90420786,17.8804,4.494703614
CJANDERSON,C.J. Anderson,RB,DEN,241,55.11714286,53.24138382,159.05,20.01219533,15.09235,5.449838589
BRANDONPETTIGREW,Brandon Pettigrew,TE,DET,242,51.68333333,53.1,197,6.552455011,1,2.328580258
JERMICHAELFINLEY,Jermichael Finley,TE,FA,243,52.65,52.65,159.5,7.72031951,5.5,2.939812705
CASEKEENUM,Case Keenum,QB,HOU,244,41.16,52.455,0,34.92770247,0,9.819104144
COLEBEASLEY,Cole Beasley,WR,DAL,245,52.2,52.37524638,0,12.28805072,0,4.24325918
JACOBYJONES,Jacoby Jones,WR,BAL,246,44.37314286,52.1502298,0,14.79067499,0,4.859622236
DEREKCARR,Derek Carr,QB,OAK,247,55.80666667,51.73020079,0,41.36604598,0,11.40478248
BOBBYRAINEY,Bobby Rainey,RB,TB,248,52.16,51.69970369,173,16.54195244,11,4.597426412
TIQUANUNDERWOOD,Tiquan Underwood,WR,CAR,249,51.14666667,51.60020908,0,18.0481301,0,5.661890082
MIKEGLENNON,Mike Glennon,QB,TB,250,53.65428571,51.54306489,246.5,17.10169471,42.5,7.93827888
LATAVIUSMURRAY,Latavius Murray,RB,OAK,251,51.82833333,51.09503985,184.8,17.63983418,23.6,6.041392817
BILALPOWELL,Bilal Powell,RB,NYJ,252,52.82857143,50.8751735,190,10.30362858,8,3.517606532
OWENDANIELS,Owen Daniels,TE,BAL,253,48.76285714,50.04980057,199.5,12.54591567,35.6,6.660557856
KRISDURHAM,Kris Durham,WR,DET,254,40.76,49.9,0,22.57449889,0,6.776674483
MARTAVISBRYANT,Martavis Bryant,WR,PIT,255,48.98333333,49.59969954,0,21.30327831,0,6.463589771
TOMSAVAGE,Tom Savage,QB,HOU,256,68.13,49.35065549,0,58.01504862,0,15.50521028
ANTHONYFASANO,Anthony Fasano,TE,KC,257,50.37,49.30004514,0,7.731084443,0,3.120939025
DAVANTEADAMS,Davante Adams,WR,GB,258,52.15142857,49.24286638,176.8,25.26050936,11.4,5.712606929
MICHAELBUSH,Michael Bush,RB,NA,259,49.1,49.1,0,0,0,0
CODYLATIMER,Cody Latimer,WR,DEN,260,37.26571429,48.7499965,179.9,23.43447603,32.1,7.637864514
JASONAVANT,Jason Avant,WR,CAR,261,48.06571429,48.425,0,16.06916598,0,5.174497553
DANIELTHOMAS,Daniel Thomas,RB,MIA,262,44.95166667,48.41095707,237.5,11.67236123,54.5,8.516139798
STEPHENHILL,Stephen Hill,WR,NYJ,263,40.42285714,48.34958465,178.5,14.69349062,3.5,3.59077113
ANDREWQUARLESS,Andrew Quarless,TE,GB,264,48.16285714,47.80001275,135,21.81684583,0,4.104417826
ROBERTTURBIN,Robert Turbin,RB,SEA,265,46.77428571,47.74970403,172.6,22.59542642,16.3,5.893385642
KEVINOGLETREE,Kevin Ogletree,WR,DET,266,46.36666667,47.05,0,3.611555528,0,2.106353871
MARQUISEGOODWIN,Marquise Goodwin,WR,BUF,267,38.58371429,46.93608294,0,20.47202034,0,6.258861994
BENNYCUNNINGHAM,Benny Cunningham,RB,STL,268,47.31714286,46.55013531,185.7,20.87653045,6.9,4.705331391
ADRIENROBINSON,Adrien Robinson,TE,NYG,269,44.638,46.00016059,186,19.14436523,8,4.606284429
CHRISPOLK,Chris Polk,RB,PHI,270,45.94714286,45.95001387,171.1,10.80988591,29.5,5.813166675
AJJENKINS,A.J. Jenkins,WR,KC,271,46.13742857,45.90942682,0,10.92311594,0,3.907093907
AUSTINCOLLIE,Austin Collie,WR,NA,272,45.9,45.9,0,0,0,0
JARVISLANDRY,Jarvis Landry,WR,MIA,273,44.23428571,45.70021862,235.5,25.23170719,48.5,9.56265943
DALLASCLARK,Dallas Clark,TE,NA,274,45.4,45.4,0,0,0,0
LUKEWILLSON,Luke Willson,TE,SEA,275,44.89166667,45.025,0,14.97205731,0,4.904294287
LANCEKENDRICKS,Lance Kendricks,TE,STL,276,46.18666667,44.75013531,0,7.994748276,0,3.185875918
ROBHOUSLER,Rob Housler,TE,ARI,277,44.6,44.25000579,0,19.5263924,0,6.025966415
JOHNCARLSON,John Carlson,TE,ARI,278,43.16666667,44.10045416,0,10.57443458,0,3.821218327
BRANDONLLOYD,Brandon Lloyd,WR,SF,279,45.93333333,43.75,0,4.82113403,0,2.40425696
PAULRICHARDSON,Paul Richardson,WR,SEA,280,43.3,43.69995957,223,15.47950258,44,7.894322613
MATTASIATA,Matt Asiata,RB,MIN,281,42.44666667,43.55,0,14.80333296,0,4.862739725
TRAVARISCADET,Travaris Cadet,RB,NO,282,41.922,43.49952268,185,24.01150391,9,5.309510775
ACESANDERS,Ace Sanders,WR,JAC,283,43.70733333,43.16087056,0,20.46417724,0,6.256930343
BRANDONMYERS,Brandon Myers,TE,TB,284,45.39,42.95026997,182.5,10.46016252,15.5,4.315912153
MARIOMANNINGHAM,Mario Manningham,WR,NYG,285,38.3,42.5,0,34.56428793,0,9.729599978
JERICKMCKINNON,Jerick McKinnon,RB,MIN,286,37.08333333,42.47132639,218.3,24.2000551,35.1,8.043752286
GAVINESCOBAR,Gavin Escobar,TE,DAL,287,41.92,42.45012269,175,11.2722225,14.1,4.270493094
BRANDONBOLDEN,Brandon Bolden,RB,NE,288,41.39714286,42.15000543,0,16.53183192,0,5.288446018
TROYNIKLAS,Troy Niklas,TE,ARI,289,40.325,42.07476383,0,20.54724231,0,6.277388166
RYANGRIFFIN,Ryan Griffin,TE,HOU,290,42.3,42.00016655,0,22.39151625,0,6.731608295
SANTONIOHOLMES,Santonio Holmes,WR,CHI,291,42.03333333,41.95,0,23.02006371,0,6.886411171
DEVINSTREET,Devin Street,WR,DAL,292,36.95,41.9,0,15.80558973,0,5.10958223
MIKEBROWN,Mike Brown,WR,JAC,293,33.54,41.83555241,0,3.982775414,0,2.197780389
QUINTONPATTON,Quinton Patton,WR,SF,294,42.48333333,41.7,0,10.93434955,0,3.909860594
JUNIORHEMINGWAY,Junior Hemingway,WR,KC,295,41.83666667,41.69976341,0,13.89538293,0,4.639123714
ANDREBROWN,Andre Brown,RB,HOU,296,41.55,41.55,142.25,10.39446968,8.8,3.61188949
DENARDROBINSON,Denard Robinson,WR,JAX,297,38.535,41.45038554,0,23.24546443,0,6.941924369
DAVIDNELSON,David Nelson,WR,NYJ,298,30.61166667,41.00594478,0,14.14874553,0,4.701523551
JARIUSWRIGHT,Jarius Wright,WR,MIN,299,41.23666667,40.79940876,0,23.56548323,0,7.020740741
ARRELIOUSBENN,Arrelious Benn,WR,PHI,300,40.4,40.4,0,0,0,0
PEYTONHILLIS,Peyton Hillis,RB,NYG,301,37.96666667,40.30000563,0,18.15154723,0,5.687360345
JOEMORGAN,Joe Morgan,WR,NO,302,42.1,39.975,0,10.9658561,0,3.917620239
FOZZYWHITTAKER,Fozzy Whittaker,RB,CAR,303,39.8,39.8,0,0,0,0
CHARLIEWHITEHURST,Charlie Whitehurst,QB,TEN,304,50.23,39.30015822,0,39.72390045,0,11.00034388
ALLENHURNS,Allen Hurns,WR,JAC,305,39.3,39.3,0,33.37544007,0,9.436802571
DRIARCHER,Dri Archer,RB,PIT,306,32.85142857,39.15031217,0,18.54838717,0,5.785096743
JOSEPHFAURIA,Joseph Fauria,TE,DET,307,42.56,39.10029934,0,21.26057384,0,6.453072228
MIKEJAMES,Mike James,RB,TB,308,38.21142857,38.8847871,0,10.20912943,0,3.731248531
JONATHANDWYER,Jonathan Dwyer,RB,ARI,309,35.66285714,38.875,198.4,13.21599896,22.9,5.423917522
JAREDABBREDERIS,Jared Abbrederis,WR,GB,310,38.7,38.7,0,0,0,0
BENWATSON,Ben Watson,TE,NO,311,38.35,38.35,0,1.626345597,0,1.617423082
TJGRAHAM,T.J. Graham,WR,BUF,312,35.74166667,37.875,0,15.03484841,0,4.919758899
JONBALDWIN,Jon Baldwin,WR,DET,313,37.75,37.75,0,2.050609665,0,1.721913676
GRIFFWHALEN,Griff Whalen,WR,IND,314,34.6,37.52090012,0,16.6807274,0,5.325116994
ROBERTMEACHEM,Robert Meachem,WR,NO,315,31.22666667,37.4005422,0,18.9336399,0,5.879979364
BRYCEBROWN,Bryce Brown,RB,BUF,316,39.38857143,37.30018295,155.1,10.68539101,12.2,4.000874559
JEFFJANIS,Jeff Janis,WR,GB,317,37.1,37.1,0,0,0,0
MIKELLESHOURE,Mikel Leshoure,RB,DET,318,27.88333333,36.81516814,0,23.87655754,0,7.097354203
KESHAWNMARTIN,Keshawn Martin,WR,HOU,319,39.05333333,36.74958657,0,13.38189075,0,4.512657423
THADLEWIS,Thad Lewis,QB,BUF,320,40.52,36.62,0,30.58158923,0,8.748714286
DARICKROGERS,Da'Rick Rogers,WR,IND,321,36.09166667,36.6,0,7.583095234,0,3.084491252
CJFIEDOROWICZ,C.J. Fiedorowicz,TE,HOU,322,39,36.58767374,0,14.32119641,0,4.743995909
BENJARVUSGREENELLIS,BenJarvus Green-Ellis,RB,CIN,323,36.17285714,36.49273222,169.8,11.69736784,21.5,5.091489362
DUJUANHARRIS,DuJuan Harris,RB,GB,324,26.05083333,36.46240783,0,12.1878888,0,4.218590631
KIRKCOUSINS,Kirk Cousins,QB,WAS,325,35.61714286,36.39491034,0,13.75652503,0,4.604924862
RYANBROYLES,Ryan Broyles,WR,DET,326,28.94166667,35.84287593,0,23.8742958,0,7.096797167
CLAYHARBOR,Clay Harbor,TE,JAC,327,32.26666667,35.35,0,11.79590324,0,4.122049805
DONTEMONCRIEF,Donte Moncrief,WR,IND,328,31.92,34.95144454,183.5,22.72194241,7.5,4.994903955
JASONCAMPBELL,Jason Campbell,QB,CIN,329,33.94333333,34.75210028,0,35.81323591,0,10.03719925
MARCUSLATTIMORE,Marcus Lattimore,RB,SF,330,31.23333333,34.66233128,178.7,23.56587929,6.1,4.953410325
JALENSAUNDERS,Jalen Saunders,WR,NYJ,331,30.26666667,34.45,0,17.97368447,0,5.643555114
MARQUESSWILSON,Marquess Wilson,WR,CHI,332,42.35,34.38116844,0,22.64655971,0,6.794422105
ANDRECALDWELL,Andre Caldwell,WR,DEN,333,29.245,34.32858634,144,14.52033057,0,3.205900519
DARRIUSHEYWARDBEY,Darrius Heyward-Bey,WR,PIT,334,34.15,34.15,0,21.28391411,0,6.458820627
DAVIDAUSBERRY,David Ausberry,TE,OAK,335,34.695,33.975,0,20.61928143,0,6.295130441
SHAUNHILL,Shaun Hill,QB,STL,336,24.64,33.70439246,0,19.90856968,0,6.120091595
ISAIAHCROWELL,Isaiah Crowell,RB,CLE,337,33.39,33.63104759,178.3,12.27754047,13.3,4.311194833
ALFREDBLUE,Alfred Blue,RB,HOU,338,31.472,33.44883687,181,12.09580175,39.2,6.979063485
WILLISMCGAHEE,Willis McGahee,RB,NA,339,33.2,33.2,0,0,0,0
VINCENTBROWN,Vincent Brown,WR,SD,340,35.50857143,33.14021968,0,20.10767302,0,6.169128098
CHRISOWUSU,Chris Owusu,WR,TB,341,27.77,33.00046819,0,13.13798564,0,4.452586841
LARRYDONNELL,Larry Donnell,TE,NYG,342,32.9,32.9,0,20.78893937,0,6.336914934
CHRISHOGAN,Chris Hogan,WR,BUF,343,32.85,32.85,0,4.596194078,0,2.348857243
SHAQEVANS,Shaq Evans,WR,NYJ,344,32.8,32.8,0,38.18376618,0,10.62102931
BENJAMINWATSON,Benjamin Watson,TE,NO,345,32.4,32.4,0,0,0,0
SANTANAMOSS,Santana Moss,WR,WAS,346,32.125,32.26409646,0,15.29630511,0,4.984152206
BRUCEELLINGTON,Bruce Ellington,WR,SF,347,32.1,32.1,0,14.99066376,0,4.908876809
LAVONBRAZILL,LaVon Brazill,WR,NA,348,32,32,0,0,0,0
ALDRICKROBINSON,Aldrick Robinson,WR,WAS,349,34.03333333,31.925,0,6.987369558,0,2.937771945
CHRISTIANPONDER,Christian Ponder,QB,MIN,350,31.73,31.73,0,21.67989391,0,6.556345182
TIMWRIGHT,Tim Wright,TE,TB,351,32.83333333,31.55,183.5,8.619358058,35.2,6.135480171
KEVINNORWOOD,Kevin Norwood,WR,SEA,352,31.2,31.2,0,8.343860018,0,3.271857495
DEVIERPOSEY,DeVier Posey,WR,HOU,353,25.32857143,31.10001778,0,15.90066036,0,5.132996863
KELLENCLEMENS,Kellen Clemens,QB,SDC,354,31.08,31.08,0,0,0,0
RICHARDRODGERS,Richard Rodgers,TE,GB,355,28.4,31.05,163.15,10.9001529,5.25,3.305420381
LARODSTEPHENSHOWLING,LaRod Stephens-Howling,RB,NA,356,30.4,30.4,0,0,0,0
MIKEGOODSON,Mike Goodson,RB,NYJ,357,30.3,30.3,0,0,0,0
EDDICKSON,Ed Dickson,TE,CAR,358,30.58,30.25,0,17.89851949,0,5.625042981
CHRISOGBONNAYA,Chris Ogbonnaya,RB,CLE,359,25.29333333,29.80791236,0,20.72253202,0,6.320559688
LOUISMURPHY,Louis Murphy,WR,TB,360,29.4,29.75,0,16.69917663,0,5.329660793
DARRELYOUNG,Darrel Young,RB,WAS,361,29.5,29.5,0,6.081118318,0,2.714574324
MATTMCGLOIN,Matt McGloin,QB,OAK,362,29.44,29.44,0,20.70408655,0,6.316016815
DREWDAVIS,Drew Davis,WR,ATL,363,27.25833333,29.4273778,0,15.92282691,0,5.138456187
JURONCRINER,Juron Criner,WR,OAK,364,29.5,29.375,0,13.45696846,0,4.531148063
JACOBTAMME,Jacob Tamme,TE,DEN,365,30.1,29.225,0,14.96028075,0,4.901393876
RICARDOLOCKETTE,Ricardo Lockette,WR,SEA,366,29.1,29.1,0,0,0,0
STEDMANBAILEY,Stedman Bailey,WR,STL,367,33.33166667,29.04,0,17.73661843,0,5.585168904
JIMDRAY,Jim Dray,TE,CLE,368,28.25,28.25,0,11.38441918,0,4.020706755
JOSHHUFF,Josh Huff,WR,PHI,369,24.24166667,27.75,0,9.772538053,0,3.623721884
BRANDONWEEDEN,Brandon Weeden,QB,DAL,370,24.82666667,27.48091598,0,22.94794108,0,6.868648327
MARCUSHARRIS,Marcus Harris,WR,NYG,371,27.4,27.4,0,0,0,0
MICHAELPRESTON,Michael Preston,WR,TEN,372,27,27,0,0,0,0
DANIELHERRON,Daniel Herron,RB,IND,373,26.69,26.69,0,0,0,0
JOSEPHRANDLE,Joseph Randle,RB,DAL,374,25.07,26.6,191.5,5.914530131,3.5,2.509700556
MATTFLYNN,Matt Flynn,QB,GB,375,29.79333333,26.24,0,30.55614068,0,8.742446647
ROBERTHOUSLER,Robert Housler,TE,ARI,376,26.15,26.15,0,13.08147545,0,4.438669133
ZACHSUDFELD,Zach Sudfeld,TE,NYJ,377,24.17333333,25.855,0,10.29602512,0,3.752649783
JOSHFREEMAN,Josh Freeman,QB,NYG,378,25.28,25.28,0,0,0,0
TONYMOEAKI,Tony Moeaki,TE,BUF,379,23.4875,24.78545006,0,17.1262165,0,5.434835031
ANTHONYDIXON,Anthony Dixon,RB,BUF,380,21.83333333,24.775,0,14.72288468,0,4.842926385
DEANTHONYTHOMAS,De'Anthony Thomas,RB,KC,381,24.2,24.6,192.5,12.76329372,1.5,3.145339023
RISHARDMATTHEWS,Rishard Matthews,WR,MIA,382,24.4,24.4,0,12.68778941,0,4.341709499
LORENZOTALIAFERRO,Lorenzo Taliaferro,RB,BAL,383,31,24.3066753,0,15.07204919,0,4.928920956
LACHESEASTRUNK,Lache Seastrunk,RB,WAS,384,24.86,24.29286872,0,16.88866484,0,5.376329217
TERRELLEPRYOR,Terrelle Pryor,QB,SEA,385,24.09,24.09,0,32.03193719,0,9.105915688
BLAINEGABBERT,Blaine Gabbert,QB,SF,386,24.03,24.03,0,33.75727773,0,9.530844106
LEONARDHANKERSON,Leonard Hankerson,WR,WAS,387,27,24,0,19.0827933,0,5.91671386
LOGANPAULSEN,Logan Paulsen,TE,WAS,388,25.53333333,23.85,0,11.8449708,0,4.134134492
CHARLESSIMS,Charles Sims,RB,TB,389,26.3,23.69,169.7,13.2332748,19.9,5.114433124
THEORIDDICK,Theo Riddick,RB,DET,390,26.45,23.3,181.5,12.43583532,13.4,4.34107485
MIKETHOMAS,Mike Thomas,WR,HOU,391,23.25,23.25,0,30.19345956,0,8.653123112
SHAUNDRAUGHN,Shaun Draughn,RB,CHI,392,27.29333333,23.2199943,0,21.18856925,0,6.435338455
JUSTINFORSETT,Justin Forsett,RB,BAL,393,23.175,23.09999655,0,14.26218777,0,4.729462866
ROBERTHERRON,Robert Herron,WR,TB,394,25.8,22.725,0,15.73891144,0,5.093160255
DWAYNEHARRIS,Dwayne Harris,WR,DAL,395,19.89833333,22.68,0,20.72637289,0,6.321505644
DAMIANWILLIAMS,Damian Williams,WR,MIA,396,24.075,22.575,0,15.81062407,0,5.110822121
DENNISJOHNSON,Dennis Johnson,RB,HOU,397,21.36666667,22.2,0,13.93000359,0,4.647650322
KYLEORTON,Kyle Orton,QB,NA,398,21.66,21.66,0,0,0,0
JIMMYCLAUSEN,Jimmy Clausen,QB,CHI,399,21.62,21.62,0,0,0,0
NICKTOON,Nick Toon,WR,NO,400,26.475,21.32803353,0,22.78265056,0,6.827939471
MICHAELHOOMANAWANUI,Michael Hoomanawanui,TE,NE,401,19.32333333,21.1675,0,8.283093223,0,3.256891442
ZACHMETTENBERGER,Zach Mettenberger,QB,TEN,402,21.69333333,21.14,0,14.70782105,0,4.839216412
JOHNKUHN,John Kuhn,RB,GB,403,21.15166667,21.00803353,0,13.17673075,0,4.462129246
DAVONEBESS,Davone Bess,WR,NA,404,20.8,20.8,0,0,0,0
JACKIEBATTLE,Jackie Battle,RB,TEN,405,20.6175,20.70629478,0,18.70534393,0,5.823753104
JORDANPALMER,Jordan Palmer,QB,CHI,406,21.05333333,20.59,0,5.786754992,0,2.642076554
RONNIEBROWN,Ronnie Brown,RB,HOU,407,25.44666667,20.005,0,16.84130636,0,5.364665455
CHARLESJOHNSON,Charles Johnson,WR,CLE,408,20.33333333,20,195,14.36825204,3.7,3.571494283
JEDCOLLINS,Jed Collins,RB,DET,409,17.98,19.91,0,8.877567234,0,3.40330248
JOSHMORGAN,Josh Morgan,WR,CHI,410,18.00666667,19.65000448,0,16.60238898,0,5.305823284
JOHNATHANFRANKLIN,Johnathan Franklin,RB,GB,411,19.6,19.6,0,13.85929291,0,4.630235223
TARVARISJACKSON,Tarvaris Jackson,QB,SEA,412,19.48,19.48,0,0,0,0
KELLENDAVIS,Kellen Davis,TE,NYG,413,19.35,19.35,0,25.5265548,0,7.503726572
MARKSANCHEZ,Mark Sanchez,QB,PHI,414,18.66,18.4797224,0,16.3283802,0,5.238338567
DARYLRICHARDSON,Daryl Richardson,RB,NYJ,415,16.3,17.21860563,0,14.78100132,0,4.857239739
TANDONDOSS,Tandon Doss,WR,JAC,416,16.85,16.85,0,14.2128463,0,4.717310719
ANTHONYSHERMAN,Anthony Sherman,RB,KC,417,17.66333333,16.77,0,2.307169984,0,1.785101069
KYLEWILLIAMS,Kyle Williams,WR,KC,418,18.96666667,16.675,0,17.71089589,0,5.578833785
DEMETRIUSHARRIS,Demetrius Harris,TE,KC,419,16.4,16.4,0,0,0,0
GARYBARNIDGE,Gary Barnidge,TE,CLE,420,15,15.9,0,7.610738028,0,3.091299304
TRAVISBENJAMIN,Travis Benjamin,WR,CLE,421,15.351,15.75588261,0,11.31589295,0,4.003829658
JOSHHILL,Josh Hill,TE,NO,422,15.6,15.6,0,10.46518036,0,3.794310467
JUSTINBROWN,Justin Brown,WR,PIT,423,15.55,15.55,0,0,0,0
JACOBYFORD,Jacoby Ford,WR,NYJ,423,18.38333333,15.55,0,8.299598384,0,3.260956443
TYLERGAFFNEY,Tyler Gaffney,RB,NE,425,15.4,15.4,0,0,0,0
CHASEFORD,Chase Ford,TE,MIN,426,15.3,15.3,0,0,0,0
FRANKSUMMERS,Frank Summers,RB,BUF,427,16.33666667,15.1025,0,7.672420305,0,3.106490828
BRUCEMILLER,Bruce Miller,RB,SF,428,17.82,15.04,0,5.968349856,0,2.686800952
MICHAELCOX,Michael Cox,RB,NYG,429,10.16666667,14.95199602,0,6.436614017,0,2.802128184
BRENTONBERSIN,Brenton Bersin,WR,CAR,430,14.8,14.8,0,0,0,0
ERIKLORIG,Erik Lorig,RB,NO,431,14.17666667,14.72,0,2.685820793,0,1.878357724
MYLESWHITE,Myles White,WR,GB,432,14.7,14.7,0,20.3646753,0,6.232424339
CHRISRAINEY,Chris Rainey,RB,IND,433,14.6,14.6,0,0,0,0
STEPHENHOUSTON,Stephen Houston,RB,PIT,434,14.5,14.5,0,0,0,0
DIONSIMS,Dion Sims,TE,MIA,435,14.05,14.05,0,2.899137803,0,1.930894865
EDWINBAKER,Edwin Baker,RB,CLE,436,18.10833333,13.96632501,0,15.27620699,0,4.979202306
JOSHBOYCE,Josh Boyce,WR,NE,437,13.36666667,13.9,0,8.555992052,0,3.324102792
AJMCCARRON,A.J. McCarron,QB,CIN,438,13.39,13.39,0,0,0,0
JARONBROWN,Jaron Brown,WR,ARI,439,13.3,13.3,0,2.404163056,0,1.808989172
VANCEMCDONALD,Vance McDonald,TE,SF,440,19.305,13.13,0,16.06400012,0,5.173225272
MARIONGRICE,Marion Grice,RB,SD,441,17.525,13.09502437,0,23.87055369,0,7.095875534
DANESANZENBACHER,Dane Sanzenbacher,WR,CIN,442,14.05,13.0125,0,2.422292303,0,1.813454164
DOMENIKHIXON,Domenik Hixon,WR,NA,443,13,13,0,0,0,0
CEDRICPEERMAN,Cedric Peerman,RB,CIN,444,15.63333333,12.9,0,5.762233363,0,2.636037203
LAMICHAELJAMES,LaMichael James,RB,SF,445,12.414,12.89435794,0,9.125927807,0,3.464470384
ORSONCHARLES,Orson Charles,RB,CIN,446,12.8,12.8,0,0,0,0
WILLIAMPOWELL,William Powell,RB,HOU,446,12.8,12.8,0,0,0,0
STORMJOHNSON,Storm Johnson,RB,JAC,448,14.706,12.67,162.5,11.93504839,21.5,5.12075814
RHETTELLISON,Rhett Ellison,TE,MIN,449,12.55,12.55,0,6.01040764,0,2.697159225
DERRICKCOLEMAN,Derrick Coleman,RB,SEA,450,12.66666667,12.475,0,10.48347907,0,3.798817195
TOMMYBOHANON,Tommy Bohanon,RB,NYJ,451,13.06,12.415,0,6.852649123,0,2.904592095
CRAIGSTEVENS,Craig Stevens,TE,TEN,452,12.35,12.35,0,4.87903679,0,2.41851764
CYRUSGRAY,Cyrus Gray,RB,KC,453,13.6,12.325,0,8.515867542,0,3.314220659
CHASEDANIEL,Chase Daniel,QB,KC,454,10.62666667,12.09,0,10.5077749,0,3.804800935
TYRODTAYLOR,Tyrod Taylor,QB,BAL,455,12.06,12.06,0,0,0,0
LAVELLEHAWKINS,Lavelle Hawkins,WR,TB,456,11.9,11.9,0,0,0,0
STANLEYHAVILI,Stanley Havili,RB,IND,457,13.29,11.89,0,4.957324547,0,2.437798872
RYANWILLIAMS,Ryan Williams,RB,DAL,458,12.15,11.875,0,5.991382701,0,2.692473636
KENJONBARNER,Kenjon Barner,RB,CAR,459,10.98,11.74090895,0,5.784461946,0,2.641511807
VIRGILGREEN,Virgil Green,TE,DEN,460,11.4,11.4,0,8.202438662,0,3.237027297
DIONLEWIS,Dion Lewis,RB,CLE,461,11.05,11.27934847,0,11.21710004,0,3.979498279
MATTSPAETH,Matt Spaeth,TE,PIT,462,11.215,11.215,0,1.718269478,0,1.64006271
BEARPASCOE,Bear Pascoe,TE,ATL,463,11.145,11.145,0,4.871965722,0,2.41677613
MICHAELFORD,Michael Ford,RB,CHI,464,11.8,10.975,0,9.395211546,0,3.530791386
ANTHONYARMSTRONG,Anthony Armstrong,WR,CLE,465,10.75,10.75,0,0,0,0
JOSEPHMORGAN,Joseph Morgan,WR,NOS,466,10.6,10.6,0,0,0,0
BRITTANGOLDEN,Brittan Golden,WR,ARI,467,10.3,10.3,0,0,0,0
WILLJOHNSON,Will Johnson,RB,PIT,468,10.54333333,10.065,0,6.06058028,0,2.709516079
MARCUSTHIGPEN,Marcus Thigpen,WR,MIA,469,9.8,9.8,0,0,0,0
JAMESDEVELIN,James Develin,RB,NE,470,9.7,9.7,0,5.232590181,0,2.505593135
JORVORSKIELANE,Jorvorskie Lane,RB,TB,471,9.7,9.7,0,8.485281374,0,3.306687693
DAVIDPAULSON,David Paulson,TE,PIT,472,9.65,9.65,0,5.586143571,0,2.59266863
JALENPARMELE,Jalen Parmele,RB,ARI,473,9.6,9.6,0,0,0,0
MIKEGILLISLEE,Mike Gillislee,RB,MIA,474,9.08,9.552126375,0,7.536798613,0,3.07308901
JEROMEFELTON,Jerome Felton,RB,MIN,475,9.4,9.4,0,5.515432893,0,2.575253531
DEONTETHOMPSON,Deonte Thompson,WR,BAL,476,8.6,8.6,0,0,0,0
THADDEUSLEWIS,Thaddeus Lewis,QB,BUF,477,8.57,8.57,0,3.2951176,0,2.02841942
KYLEJUSZCZYK,Kyle Juszczyk,RB,BAL,478,12.06666667,8.4,0,5.084617324,0,2.469149389
ANTONESMITH,Antone Smith,RB,ATL,479,8.55,8.330673379,0,6.322183167,0,2.773945388
JOEMCKNIGHT,Joe McKnight,RB,KC,480,8.25,8.25,0,6.293250353,0,2.766819621
MATTMOORE,Matt Moore,QB,MIA,481,9.366666667,8.17,0,12.08546786,0,4.193365717
LEONWASHINGTON,Leon Washington,RB,TEN,482,8.1,8.1,0,4.101219331,0,2.22695155
DJWILLIAMS,D.J. Williams,TE,NE,483,7.75,7.75,0,0,0,0
EVANROYSTER,Evan Royster,RB,WAS,484,7.7,7.7,0,0.565685425,0,1.356196595
RYANTAYLOR,Ryan Taylor,TE,GB,485,7.66,7.66,0,8.570134188,0,3.327585812
JEWELHAMPTON,Jewel Hampton,RB,SFO,486,7.6,7.6,0,0,0,0
JAMESHANNA,James Hanna,TE,DAL,487,7.5,7.5,0,0,0,0
TAVARRESKING,Tavarres King,WR,CAR,488,7.4,7.4,0,0,0,0
JOHNPHILLIPS,John Phillips,TE,SDC,489,6.9,6.9,0,0,0,0
HENRYHYNOSKI,Henry Hynoski,RB,NYG,489,10.28333333,6.9,0,6.921765189,0,2.921614462
PATRICKDIMARCO,Patrick DiMarco,RB,ATL,491,8.223333333,6.8675,0,3.5220212,0,2.084302757
DREWSTANTON,Drew Stanton,QB,ARI,492,8.62,6.82,0,10.68922822,0,3.849490474
TYLERCLUTTS,Tyler Clutts,RB,DAL,493,6.8,6.8,0,8.202438662,0,3.237027297
TJJONES,T.J. Jones,WR,DET,494,6.55,6.55,0,0,0,0
ALVESTERALEXANDER,Alvester Alexander,RB,PIT,495,6.45,6.45,0,3.181980515,0,2.000555262
DANHERRON,Dan Herron,RB,IND,496,14.26666667,6.4,0,19.94041123,0,6.127933745
COLLINMOONEY,Collin Mooney,RB,TEN,497,6.2,6.2,0,6.788225099,0,2.888725315
JEREMYSTEWART,Jeremy Stewart,RB,OAK,498,6.15,6.15,0,7.990306627,0,3.184781999
BRUCEGRADKOWSKI,Bruce Gradkowski,QB,PIT,499,8.646666667,5.98,0,9.360370363,0,3.522210466
BRICEBUTLER,Brice Butler,WR,OAK,500,5.3,5.3,0,0,0,0
ISAIAHPEAD,Isaiah Pead,RB,STL,501,13.8,5.15,0,24.46589463,0,7.242500086
WILLTAUFOOU,Will Ta'ufo'ou,RB,JAC,502,6.546666667,5.11,0,3.16267819,0,1.995801356
DAMARISJOHNSON,Damaris Johnson,WR,PHI,503,5.1,5.1,0,3.535533906,0,2.087630757
BROCKOSWEILER,Brock Osweiler,QB,DEN,504,5.04,5.04,0,2.093036072,0,1.732362736
JAYPROSCH,Jay Prosch,RB,HOU,505,4.9,4.9,0,3.818376618,0,2.157291153
JEREMYROSS,Jeremy Ross,WR,DET,506,4.89,4.89,0,0,0,0
NILESPAUL,Niles Paul,TE,WAS,507,4.7,4.7,0,0,0,0
BRANDONTATE,Brandon Tate,WR,CIN,508,4.47,4.47,0,2.644579362,0,1.868200508
MATTHASSELBECK,Matt Hasselbeck,QB,IND,509,4.36,4.36,0,3.62038672,0,2.108528876
MIGUELMAYSONET,Miguel Maysonet,RB,PIT,510,4.2,4.2,0,0,0,0
MICHAELEGNEW,Michael Egnew,TE,MIA,511,4.1,4.1,0,0,0,0
LEESMITH,Lee Smith,TE,BUF,512,4,4,0,0,0,0
JAMESCASEY,James Casey,TE,PHI,513,3.8,3.8,0,0,0,0
TONYFIAMMETTA,Tony Fiammetta,RB,CHI,514,6.766666667,3.375,0,6.198655768,0,2.743522234
DEREKANDERSON,Derek Anderson,QB,CAR,515,9.56,3.28,0,14.98587335,0,4.907696994
LONNIEPRYOR,Lonnie Pryor,RB,TB,516,3,3,0,0,0,0
PHILLIPTANNER,Phillip Tanner,RB,IND,517,2.8,2.8,0,0,0,0
TAYLORTHOMPSON,Taylor Thompson,TE,TEN,518,2.5,2.5,0,0,0,0
DEVINHESTER,Devin Hester,WR,ATL,519,2.435,2.435,0,3.302188668,0,2.03016093
JEFFDEMPS,Jeff Demps,RB,TBB,520,2.3,2.3,0,0,0,0
TAURENPOOLE,Tauren Poole,RB,PIT,521,1.4,1.4,0,0,0,0
DANTEROSARIO,Dante Rosario,TE,CHI,522,1.3,1.3,0,0,0,0
MICHAELHILL,Michael Hill,RB,GBP,522,1.3,1.3,0,0,0,0
SPENCERWARE,Spencer Ware,RB,SEA,524,1,1,0,0,0,0
SCOTTTOLZIEN,Scott Tolzien,QB,GBP,525,0.82,0.82,0,0,0,0
ALEXGREEN,Alex Green,RB,NYJ,526,0.8,0.8,0,0,0,0
TJYATES,T.J. Yates,QB,ATL,527,0.72,0.72,0,0.509116882,0,1.342264516
CHASEREYNOLDS,Chase Reynolds,RB,STL,528,0.6,0.6,0,0,0,0
RYANMALLETT,Ryan Mallett,QB,NE,529,0.48,0.48,0,0.282842712,0,1.286536199
DANIELFELLS,Daniel Fells,TE,NYG,530,0.4,0.4,0,0,0,0
GARRETTCELEK,Garrett Celek,TE,SFO,531,0.3,0.3,0,0,0,0
BRADSMITH,Brad Smith,WR,PHI,532,0.2,0.2,0,0,0,0
CIERREWOOD,Cierre Wood,RB,BAL,532,0.2,0.2,0,0,0,0
JONASGRAY,Jonas Gray,RB,NEP,532,0.2,0.2,0,0,0,0
SEYIAJIROTUTU,Seyi Ajirotutu,WR,SDC,532,0.2,0.2,0,0,0,0
JEFFTUEL,Jeff Tuel,QB,BUF,536,0.16,0.16,0,0,0,0
MATTBARKLEY,Matt Barkley,QB,PHI,536,0.16,0.16,0,0,0,0
JOSHVAUGHAN,Josh Vaughan,RB,ATL,538,0.1,0.1,0,0,0,0
KENDALLGASKINS,Kendall Gaskins,RB,NYG,538,0.1,0.1,0,0,0,0
REXBURKHEAD,Rex Burkhead,RB,CIN,538,0.1,0.1,0,0,0,0
RONNIEWINGO,Ronnie Wingo,RB,BUF,538,0.1,0.1,0,0,0,0
COLTMCCOY,Colt McCoy,QB,WAS,542,0.08,0.08,0,0,0,0
DANORLOVSKY,Dan Orlovsky,QB,DET,543,0.04,0.04,0,0,0,0
AARONMURRAY,Aaron Murray,QB,KCC,544,0,0,0,0,0,0
ANTONIOANDREWS,Antonio Andrews,RB,TEN,544,0,0,0,0,0,0
AUSTINDAVIS,Austin Davis,QB,STL,544,0,0,0,0,0,0
BENMALENA,Ben Malena,RB,DAL,544,0,0,0,0,0,0
BRADSORENSEN,Brad Sorensen,QB,SDC,544,0,0,0,0,0,0
BRANDONWILLIAMS,Brandon Williams,TE,CAR,544,0,0,0,0,0,0
BRENNANCLAY,Brennan Clay,RB,DEN,544,0,0,0,0,0,0
CHRISHARPER,Chris Harper,WR,GBP,544,0,0,0,0,0,0
CHRISTHOMPSON,Chris Thompson,RB,WAS,544,5.466666667,0,0,0,0,0
COBIHAMILTON,Cobi Hamilton,WR,CIN,544,0,0,0,0,0,0
COLTLYERLA,Colt Lyerla,TE,GBP,544,0,0,0,0,0,0
CROCKETTGILLMORE,Crockett Gillmore,TE,BAL,544,0,0,0,0,0,0
DAVIDFALES,David Fales,QB,CHI,544,0,0,0,0,0,0
DAVIDFLUELLEN,David Fluellen,RB,PHI,544,0,0,0,0,0,0
DUSTINVAUGHAN,Dustin Vaughan,QB,DAL,544,0,0,0,0,0,0
HENRYJOSEY,Henry Josey,RB,PHI,544,0,0,0,0,0,0
JEREMIAHJOHNSON,Jeremiah Johnson,RB,DEN,544,0,0,0,0,0,0
JIMMYGAROPPOLO,Jimmy Garoppolo,QB,NEP,544,0,0,0,0,0,0
JOEBANYARD,Joe Banyard,RB,MIN,544,0,0,0,0,0,0
JOEWEBB,Joe Webb,QB,CAR,544,0,0,0,0,0,0
JORDANLYNCH,Jordan Lynch,RB,CHI,544,0,0,0,0,0,0
JORDANNORWOOD,Jordan Norwood,WR,DEN,544,0,0,0,0,0,0
JUWANTHOMPSON,Juwan Thompson,RB,DEN,544,0,0,0,0,0,0
KAPRIBIBBS,Kapri Bibbs,RB,DEN,544,0,0,0,0,0,0
KEALOHAPILARES,Kealoha Pilares,WR,CAR,544,0,0,0,0,0,0
KELLENMOORE,Kellen Moore,QB,DET,544,0,0,0,0,0,0
KENDALLHUNTER,Kendall Hunter,RB,SFO,544,0,0,0,0,0,0
KERWYNNWILLIAMS,Kerwynn Williams,RB,SDC,544,0,0,0,0,0,0
LANDRYJONES,Landry Jones,QB,PIT,544,0,0,0,0,0,0
LESTARJEAN,Lestar Jean,WR,MIN,544,0,0,0,0,0,0
LUKEMCCOWN,Luke McCown,QB,NOS,544,0,0,0,0,0,0
MATTHEWMULLIGAN,Matthew Mulligan,TE,CHI,544,0,0,0,0,0,0
MATTHEWTUCKER,Matthew Tucker,RB,PHI,544,0,0,0,0,0,0
MCLEODBETHELTHOMPSON,McLeod Bethel-Thompson,QB,SFO,544,0,0,0,0,0,0
MIKEKAFKA,Mike Kafka,QB,TBB,544,0,0,0,0,0,0
NICKKASA,Nick Kasa,TE,OAK,544,0,0,0,0,0,0
RAJIONNEAL,Rajion Neal,RB,GBP,544,0,0,0,0,0,0
SEANRENFREE,Sean Renfree,QB,ATL,544,0,0,0,0,0,0
TOBAISPALMER,Tobais Palmer,WR,NOS,544,0,0,0,0,0,0
VICKBALLARD,Vick Ballard,RB,IND,544,0,0,0,0,0,0
ZACDYSERT,Zac Dysert,QB,DEN,544,0,0,0,0,0,0
ZACHLINE,Zach Line,RB,MIN,544,0,0,0,0,0,0
DAVIDWILSON,David Wilson,RB,NYG,544,0,0,142.5,0,8.8956,3.466743671
ERICPAGE,Eric Page,WR,TBB,587,-0.5,-0.5,0,0,0,0
CURTISPAINTER,Curtis Painter,QB,NYG,588,-1.16,-1.16,0,0,0,0
RYANLINDLEY,Ryan Lindley,QB,ARI,589,-1.22,-1.22,0,0,0,0
MARCMARIANI,Marc Mariani,WR,TEN,590,-1.3,-1.3,0,0,0,0
RYANNASSIB,Ryan Nassib,QB,NYG,591,-1.32,-1.32,0,0,0,0
JEREMYEBERT,Jeremy Ebert,WR,ATL,592,-1.6,-1.6,0,0,0,0
TRINDONHOLLIDAY,Trindon Holliday,WR,NYG,593,-2,-2,0,0,0,0
MATTSIMMS,Matt Simms,QB,NYJ,594,-2.22,-2.22,0,0,0,0
