player,pos,team,overallRank,projections,projectedPtsMean,projectedPtsMedian,pick,sdPts,sdPick,risk,positionRank,vor
Jamaal Charles,RB,KC,1,264.5368411,260.5083333,264.5368411,2.070776408,15.95348148,1.1913,3.506124565,1,146.508087
LeSean McCoy,RB,PHI,2,253.800425,254.9541667,253.800425,1.7038987,16.23263358,1.009417669,3.521608061,2,135.7716709
Matt Forte,RB,CHI,3,241.9454824,239.1791667,241.9454824,4.101299567,10.06818717,1.291973226,2.791846716,3,123.9167282
Peyton Manning,QB,DEN,4,443.704599,447.8675,443.704599,17.96687771,12.60893759,7.9565,3.796971627,1,122.7505947
Adrian Peterson,RB,MIN,5,237.8111748,239.6791667,237.8111748,2.879223592,12.05101507,1.2913,3.035948851,4,119.7824207
Calvin Johnson,WR,DET,6,228.925279,228.0791667,228.925279,5.904548484,11.37866895,1.4413,2.96873449,1,104.9638111
Eddie Lacy,RB,GB,7,221.1009099,222.8875,221.1009099,6.024025325,17.04879028,1.4413,3.666972206,5,103.0721558
Demaryius Thomas,WR,DEN,8,219.67489,218.8791667,219.67489,9.929890037,10.53605205,2.0413,2.927294186,2,95.71342215
Drew Brees,QB,NO,9,412.8766919,413.11,412.8766919,24.77472509,6.835434985,4.9826,2.777102414,2,91.92268757
DeMarco Murray,RB,DAL,10,209.7253703,206.75,209.7253703,14.23115628,14.74923727,3.0413,3.549990514,6,91.69661619
Marshawn Lynch,RB,SEA,11,208.8255662,210.8833333,208.8255662,10.04480173,16.8942932,2.8413,3.79336576,7,90.79681204
Jimmy Graham,TE,NO,12,194.8120612,195.325,194.8120612,9.664945018,12.67322825,3.9239,3.386020009,1,89.0369221
Montee Ball,RB,DEN,13,205.0748109,207.2375,205.0748109,13.39283572,16.66818505,3.6826,3.852908382,8,87.04605676
Aaron Rodgers,QB,GB,14,405.0113594,407.1825,405.0113594,23.34866711,19.92302311,6.0739,4.502105802,3,84.05735504
Dez Bryant,WR,DAL,15,204.8499284,205.35,204.8499284,13.00973009,8.726642293,2.6826,2.771089629,3,80.88846049
Le'Veon Bell,RB,PIT,16,198.6251715,196.5583333,198.6251715,17.83442186,11.69612268,5.3326,3.412018474,9,80.59641737
Doug Martin,RB,TB,17,193.8800845,193.6542857,193.8800845,24.00194935,10.57258359,5.8739,3.329887267,10,75.85133035
Julio Jones,WR,ATL,18,198.9990302,200.3991667,198.9990302,14.80844718,6.203597459,3.6326,2.559070516,4,75.03756226
Giovani Bernard,RB,CIN,19,193.0315177,193.5333333,193.0315177,16.8227091,21.67691333,4.7239,4.577860401,11,75.00276362
Arian Foster,RB,HOU,20,192.697452,192.4342857,192.697452,17.90196601,12.6581613,8.5152,3.861065705,12,74.66869792
A.J. Green,WR,CIN,21,198.25,197.3041667,198.25,15.02272576,10.18948162,3.2326,3.00835739,5,74.2885321
Zac Stacy,RB,STL,22,190.5499832,190.1028571,190.5499832,24.50649783,9.615760872,3.9913,3.016514122,13,72.52122903
Brandon Marshall,WR,CHI,23,195.475,194.4708333,195.475,15.89480173,8.850252216,2.2913,2.745666803,6,71.5135321
Andre Ellington,RB,ARI,24,187.675205,187.26,187.675205,30.3961013,14.91539633,6.3152,3.910513857,14,69.64645086
Toby Gerhart,RB,JAC,25,184.125298,183.7428571,184.125298,36.85971343,21.27579667,8.8478,4.956817525,15,66.09654392
Alfred Morris,RB,WAS,26,183.375113,184.92,183.375113,19.2565145,11.17420499,4.7326,3.285425423,16,65.34635886
Jordy Nelson,WR,GB,27,184.3504356,183.1125,184.3504356,21.17402532,9.066854865,3.6826,2.916855145,7,60.3889677
Antonio Brown,WR,PIT,28,182.1750032,182.6683333,182.1750032,24.28698767,9.184918928,3.9326,2.957361599,8,58.21353534
Alshon Jeffery,WR,CHI,29,181.425,183.8641667,181.425,25.3571143,7.29395628,4.2326,2.75566331,9,57.4635321
Frank Gore,RB,SF,30,169.4252374,171.3057143,169.4252374,45.44615128,14.58947762,8.9239,4.141346374,17,51.39648323
Rob Gronkowski,TE,NE,31,155.7025029,154.5908333,155.7025029,35.17532489,22.68931467,10.0652,5.257334931,2,49.92736378
Julius Thomas,TE,DEN,32,155.5999968,155.4166667,155.5999968,33.92209264,13.05600573,8.4978,3.908250251,3,49.82485768
Reggie Bush,RB,DET,33,167.822811,165.2428571,167.822811,38.84478507,21.15986767,8.4239,4.898510893,18,49.79405684
Ryan Mathews,RB,SD,34,167.5520209,167.4457143,167.5520209,42.1877041,9.569992785,6.5739,3.279134301,19,49.52326676
C.J. Spiller,RB,BUF,35,167.4594369,166.6171429,167.4594369,33.55586471,13.01888738,11.3391,4.198806911,20,49.43068272
Randall Cobb,WR,GB,36,170.9749865,171.6891667,170.9749865,29.61496168,9.315497073,2.6913,2.844506852,10,47.01351858
Bishop Sankey,RB,TEN,37,164.5500466,166.4228571,164.5500466,47.21039653,26.68087419,9.7826,5.719515098,21,46.52129246
Vincent Jackson,WR,TB,38,169.424059,169.2114286,169.424059,34.29411863,10.30589291,5.4652,3.254594169,11,45.46259107
Rashad Jennings,RB,NYG,39,163.175507,164.5971429,163.175507,48.21886038,15.49234834,12.0391,4.576106592,22,45.14675288
Matthew Stafford,QB,DET,40,365.8721422,365.595,365.8721422,48.71167944,22.72870495,7.0739,4.951477454,4,44.91813791
Ray Rice,RB,BAL,41,161.9711139,160.1428571,161.9711139,61.00393202,14.12218788,14.0478,4.616025324,23,43.94235978
Joique Bell,RB,DET,42,161.5500824,161.3142857,161.5500824,54.64151949,13.55848004,10.4978,4.17786782,24,43.52132824
Trent Richardson,RB,IND,43,161.0001978,161.6714286,161.0001978,62.58052316,14.0792654,13.8565,4.590869261,25,42.97144364
Andre Johnson,WR,HOU,44,166.6503385,165.8657143,166.6503385,43.99218594,14.90043144,8.9152,4.178734594,12,42.6888706
Chris Johnson,RB,NYJ,45,159.0529095,160.6028571,159.0529095,55.82082639,13.570416,12.5304,4.390465038,26,41.02415534
Ben Tate,RB,CLE,46,155.2248708,153.38,155.2248708,56.84676774,19.40660172,10.3739,4.885155528,27,37.1961167
Larry Fitzgerald,WR,ARI,47,160.9371781,161.9754286,160.9371781,42.46754415,10.99553849,9.8804,3.798128912,13,36.97571017
Nick Foles,QB,PHI,48,357.5464107,359.1625,357.5464107,66.92079307,13.25537277,9.9152,4.080027164,5,36.59240637
Michael Crabtree,WR,SF,49,156.7003254,155.9245714,156.7003254,47.15261579,16.65217446,12.8717,4.805414125,14,32.73885748
Pierre Garcon,WR,WAS,50,156.5356195,157.0985714,156.5356195,37.2143119,12.63104169,5.5326,3.547921651,15,32.57415164
Keenan Allen,WR,SD,51,156.3038043,158.6228571,156.3038043,35.00713096,8.825423233,4.1413,2.93476989,16,32.34233643
Cordarrelle Patterson,WR,MIN,52,156.3002988,156.6254286,156.3002988,53.2805065,19.62803474,8.3152,4.698585124,17,32.33883092
Vernon Davis,TE,SF,53,137.4219588,136.1708333,137.4219588,59.02335888,17.96523925,9.6152,4.628854705,4,31.64681972
Andrew Luck,QB,IND,54,352.4383398,352.6,352.4383398,54.45448184,13.81262776,9.3978,4.09490676,6,31.48433554
Victor Cruz,WR,NYG,55,154.8501209,159.3714286,154.8501209,38.14475175,14.57685707,8.2652,4.071372672,18,30.88865304
Roddy White,WR,ATL,56,154.6476373,154.5485714,154.6476373,46.90516495,9.76046447,9.6978,3.627070992,19,30.68616936
Shane Vereen,RB,NE,57,145.3210912,147.2285714,145.3210912,54.40718094,22.46350479,8.5152,5.068528516,28,27.29233711
Wes Welker,WR,DEN,58,149.3642902,149.6942857,149.3642902,47.19868377,11.28374305,11.3978,3.991232635,20,25.4028223
Tom Brady,QB,NE,59,344.313624,344.5342857,344.313624,72.94935022,18.59127701,9.0565,4.647914585,7,23.35961971
Jordan Cameron,TE,CLE,60,128.85,126.6791667,128.85,61.78965345,8.195196764,13.5391,3.833316828,5,23.07486091
Michael Floyd,WR,ARI,61,146.25,147.54,146.25,54.94471843,9.526604352,7.6652,3.387145291,21,22.2885321
Matt Ryan,QB,ATL,62,343.0251037,342.6825,343.0251037,73.2344052,15.82427046,15.1543,4.940558289,8,22.07109942
Lamar Miller,RB,MIA,63,140.0002091,134.34,140.0002091,74.00774742,25.07252338,12.8478,5.839841562,29,21.97145492
Torrey Smith,WR,BAL,64,144.5629612,146.72,144.5629612,59.50778074,10.83846765,10.8804,3.882657284,22,20.60149329
DeSean Jackson,WR,WAS,65,144.532377,144.3631429,144.532377,54.83893702,8.51720304,7.8739,3.28452203,23,20.57090915
Pierre Thomas,RB,NO,66,138.3751469,136.4714286,138.3751469,80.64031989,10.48688523,10.9652,3.848170476,30,20.34639279
Jason Witten,TE,DAL,67,125.8426129,124.4291667,125.8426129,75.01099633,6.53833476,7.5739,3.009676387,6,20.06747375
Percy Harvin,WR,SEA,68,144.0249346,142.7085714,144.0249346,50.3994002,18.70208799,9.8152,4.740366845,24,20.06346671
Fred Jackson,RB,BUF,69,138.0102935,137.7828571,138.0102935,93.5032989,17.94052343,14.013,5.082613245,31,19.98153941
Colin Kaepernick,QB,SF,70,339.9037574,345.6825,339.9037574,87.41296235,25.94337887,11.9891,5.857887937,9,18.94975311
Tony Romo,QB,DAL,71,339.7796831,338.82,339.7796831,85.19343552,16.27683835,12.9565,4.768002207,10,18.82567877
Stevan Ridley,RB,NE,72,136.1750848,141.3771429,136.1750848,71.06752749,17.48018579,12.8891,4.909185559,32,18.14633071
Steven Jackson,RB,ATL,73,136.0714012,130.0971429,136.0714012,75.35913029,27.43175949,14.8565,6.339010668,33,18.04264706
Robert Griffin III,QB,WAS,74,338.7887384,339.9675,338.7887384,70.01812729,14.62608799,11.4891,4.412303564,11,17.83473408
Maurice Jones-Drew,RB,OAK,75,135.6027714,134.9,135.6027714,83.93502166,11.47792913,13.2565,4.208209646,34,17.57401722
Dennis Pitta,TE,BAL,76,122.5285181,121.5875,122.5285181,97.30264912,11.66018102,15.2043,4.43297191,7,16.753379
Mike Wallace,WR,MIA,77,140.1753004,139.7505714,140.1753004,66.06424525,8.427320367,9.4652,3.438742864,25,16.21383251
Cam Newton,QB,CAR,78,336.145878,339.2725,336.145878,77.79153615,13.24290403,17.5543,4.87196963,12,15.19187373
Marques Colston,WR,NO,79,135.9752976,135.2942857,135.9752976,74.65126624,7.466337153,11.0565,3.485693462,26,12.01382971
Jeremy Maclin,WR,PHI,80,135.8752888,138.8714286,135.8752888,66.7428857,16.66850466,12.2978,4.747813742,27,11.91382094
Greg Olsen,TE,CAR,81,117.5657373,116.2208333,117.5657373,83.17082639,5.426110815,12.9717,3.433386138,8,11.79059824
T.Y. Hilton,WR,IND,82,135.694708,137.1662857,135.694708,62.90126624,10.33527201,12.1065,3.948047833,28,11.73324012
Jordan Reed,TE,WAS,83,117.4746117,118.1041667,117.4746117,80.02272576,13.6367086,8.6239,3.992858028,9,11.69947264
Julian Edelman,WR,NE,84,135.5121105,136.8168571,135.5121105,75.65324892,9.0478561,12.3978,3.819768635,29,11.55064263
Emmanuel Sanders,WR,DEN,85,133.2918639,135.4868571,133.2918639,77.00913029,11.22259456,12.1978,4.066799086,30,9.330396009
Eric Decker,WR,NYJ,86,132.9254074,137.1771429,132.9254074,85.52142619,16.14774052,10.4978,4.496718021,31,8.963939505
Kyle Rudolph,TE,MIN,87,114.5002202,112.9,114.5002202,100.0188271,11.60095439,15.8456,4.492290761,10,8.725081074
DeAngelo Williams,RB,CAR,88,125.766304,125.4514286,125.766304,112.6976307,18.48537388,13.0391,5.048548375,35,7.737549848
Danny Woodhead,RB,SD,89,125.3615384,123.96,125.3615384,104.12011,10.29294719,14.3217,4.172929968,36,7.332784228
Kendall Wright,WR,TEN,90,130.9204646,133.3037143,130.9204646,82.90516495,10.01939857,10.0478,3.695311713,32,6.958996709
Jay Cutler,QB,CHI,91,327.5254208,327.94,327.5254208,92.68120626,17.23786309,14.1891,5.014376912,13,6.571416525
Golden Tate,WR,DET,92,129.3300433,129.1397143,129.3300433,81.61497834,15.37725702,13.2891,4.691772113,33,5.368575441
Russell Wilson,QB,SEA,93,324.8466937,327.1542857,324.8466937,106.9874342,12.13064282,17.1304,4.690971315,14,3.89268939
Reggie Wayne,WR,IND,94,127.5070841,127.1491429,127.5070841,87.50326558,14.14819995,14.413,4.657162081,34,3.545616237
Terrance Williams,WR,DAL,95,126.8308626,128.4948571,126.8308626,83.85773076,10.07188638,10.9652,3.797066128,35,2.869394734
Sammy Watkins,WR,BUF,96,126.6035411,127.5342857,126.6035411,86.84406864,13.14380173,11.2065,4.20041604,36,2.642073162
Philip Rivers,QB,SD,97,320.8118622,321.9557143,320.8118622,104.8356714,9.883928032,15.3065,4.224853748,15,-0.142142089
Bernard Pierce,RB,BAL,98,115.9999985,112.3914286,115.9999985,96.53637121,20.97036458,11.7239,5.217947831,37,-2.028755603
Zach Ertz,TE,PHI,99,102.35,103.3828571,102.35,114.9762014,10.1006129,18.3108,4.563595494,11,-3.425139104
Ben Roethlisberger,QB,PIT,100,317.203457,315.68,317.203457,113.4249537,20.34261443,15.2304,5.504866839,16,-3.750547301
Martellus Bennett,TE,CHI,101,100.4751971,102.0571429,100.4751971,128.02016,8.861527333,13.7304,3.93524145,12,-5.299941969
Terrance West,RB,CLE,102,112.7247255,112.9228571,112.7247255,98.55129957,23.88722512,17.1891,6.144813408,38,-5.304028625
Dwayne Bowe,WR,KC,103,118.45,118.1228571,118.45,105.447934,14.18164474,12.0391,4.414702165,37,-5.511467896
Charles Clay,TE,MIA,104,98.94945932,99.84535714,98.94945932,131.9166667,9.252611729,17.713,4.397075947,13,-6.825679783
Rueben Randle,WR,NYG,105,116.499993,116.5571429,116.499993,109.2441686,12.02465721,15.5804,4.51692046,38,-7.461474876
Cecil Shorts,WR,JAC,106,116.1346498,116.5571429,116.1346498,110.3096301,12.78173921,15.0978,4.560022119,39,-7.826818111
Knowshon Moreno,RB,MIA,107,109.0252975,109.28,109.0252975,109.37011,17.20442911,17.1891,5.321871543,39,-9.003456675
Ladarius Green,TE,SD,108,96.14630664,97.05142857,96.14630664,127.55,11.0687032,19.37495,4.793343274,14,-9.628832467
Riley Cooper,WR,PHI,109,113.7503728,114.5116667,113.7503728,104.1604465,14.59529605,16.0891,4.886316505,40,-10.2110951
Heath Miller,TE,PIT,110,95.50027045,94.90285714,95.50027045,146.5,9.849437983,10.35,3.705771894,15,-10.27486865
Darren McFadden,RB,OAK,111,107.250085,105.6628571,107.250085,108.9883039,18.9196421,14.8478,5.289896372,40,-10.7786691
Jeremy Hill,RB,CIN,112,107.1831515,105.5385714,107.1831515,108.6553001,17.5623972,16.5891,5.30363057,41,-10.84560267
Delanie Walker,TE,TEN,113,94.81449412,95.55714286,94.81449412,151.7,4.184893467,15.2,3.51199334,16,-10.96064498
Brian Hartline,WR,MIA,114,112.4997631,110.6,112.4997631,125.4,15.0357463,16.9,5.024783693,41,-11.46170475
Brandin Cooks,WR,NO,115,112.2637435,114.2008571,112.2637435,97.61296235,21.57949236,17.1304,5.854534269,42,-11.6977244
Mike Evans,WR,TB,116,111.9393603,109.8714286,111.9393603,101.2896201,14.20826386,11.6065,4.37304571,43,-12.02210762
DeAndre Hopkins,WR,HOU,117,110.2251815,112.6114286,110.2251815,119.45,11.31175116,12.0391,4.061293865,44,-13.73628645
Darren Sproles,RB,PHI,118,104.1506264,105.6171429,104.1506264,99.8377041,15.55181815,12.8978,4.672623588,42,-13.87812777
Kelvin Benjamin,WR,CAR,119,110.0751856,110.6971429,110.0751856,111.5811896,9.111844725,17.6217,4.370258041,45,-13.88628233
Antonio Gates,TE,SD,120,91.8152129,92.97142857,91.8152129,145.25,9.803522205,7.85,3.440441169,17,-13.95992621
Greg Jennings,WR,MIN,121,107.8324417,107.7257143,107.8324417,121.3,15.89989518,20.3,5.484357921,46,-16.12902624
Andy Dalton,QB,CIN,122,304.7419935,306.7771429,304.7419935,130.2769231,11.11880603,15.6478,4.412371794,17,-16.21201085
Anquan Boldin,WR,SF,123,106.5065779,108.5388571,106.5065779,116.0916195,11.0117193,14.613,4.291699477,47,-17.45489004
Justin Hunter,WR,TEN,124,105.9121872,106.4151429,105.9121872,124,15.46087427,15.42715,4.92414956,48,-18.04928069
Dwayne Allen,TE,IND,125,87.0247595,84.92285714,87.0247595,153.1,14.83112878,16.3,4.937264047,18,-18.75037961
Doug Baldwin,WR,SEA,126,105.1684353,104.758,105.1684353,140.9,14.12012967,23.4,5.587190504,49,-18.7930326
Kenny Stills,WR,NO,127,104.8728895,103.3171429,104.8728895,129.7536151,11.08961333,15.0065,4.34216469,50,-19.08857841
Chris Ivory,RB,NYJ,128,98.04998799,100.3142857,98.04998799,129.125,16.99500655,24.4629,6.051616526,43,-19.97876614
Andre Williams,RB,NYG,129,97.85110394,101.4085714,97.85110394,126.7,31.32417992,28,8.183559591,44,-20.17765019
Jarrett Boykin,WR,GB,130,103.6750718,104.4457143,103.6750718,136.9359388,7.095739835,14.6739,3.81579838,51,-20.28639607
Hakeem Nicks,WR,IND,131,103.3445742,101.4885714,103.3445742,112.4597468,12.99959706,19.4456,5.038458464,52,-20.61689369
Khiry Robinson,RB,NO,132,97.355,97.91714286,97.355,122.8097468,27.12243773,21.1217,6.951689842,45,-20.67375413
Alex Smith,QB,KC,133,299.5716781,300.8885714,299.5716781,147.9,22.66945921,18.3,6.110243489,18,-21.38232622
Danny Amendola,WR,NE,134,101.9499629,97.69685714,101.9499629,129.6026316,25.39571083,15.1478,6.118542329,53,-22.01150498
Jared Cook,TE,STL,135,83.00001275,84.42857143,83.00001275,167.4,8.623969918,19.3,4.484505534,19,-22.77512636
Tavon Austin,WR,STL,136,101.1300246,99.56771429,101.1300246,119.9751749,19.85520119,15.6304,5.486393382,54,-22.83144326
Garrett Graham,TE,HOU,137,82.49984717,80.74,82.49984717,163.2,15.16804285,20.9,5.456557537,20,-23.27529193
James Jones,WR,OAK,138,99.35010616,103.6114286,99.35010616,136.8388889,19.20736466,17.8478,5.636939294,55,-24.61136173
Carlos Hyde,RB,SF,139,92.185,94.90571429,92.185,126.7,26.61709154,18.9391,6.662751846,46,-25.84375413
Eric Ebron,TE,DET,140,79.75,79.80857143,79.75,143.7006831,11.07124117,27.0673,5.592664825,21,-26.0251391
Markus Wheaton,WR,PIT,141,97.54840837,96.67228571,97.54840837,129.85,19.85657778,13.5652,5.272049334,56,-26.41305952
Robert Woods,WR,BUF,142,96.2747206,95.71085714,96.2747206,161.5,18.20264345,23.5,6.100311973,57,-27.6867473
Devonta Freeman,RB,ATL,143,90.15013243,92.84285714,90.15013243,123.1488926,28.62836589,17.3304,6.743330265,47,-27.87862171
Mark Ingram,RB,NO,144,89.35553472,93.14571429,89.35553472,123.9,21.90872842,19.8,6.172370455,48,-28.67321942
Harry Douglas,WR,ATL,145,95.075,95.80857143,95.075,160.6,12.13683884,26.1,5.623412057,58,-28.8864679
Tyler Eifert,TE,CIN,146,76.475,76.20857143,76.475,155.9,10.93785476,16.2,4.447446194,22,-29.3001391
Steve Smith,WR,BAL,147,94.65170661,96.12,94.65170661,142.9834234,8.196921606,13.0739,3.785208627,59,-29.30976129
Kenny Britt,WR,STL,148,94.12461374,91.43714286,94.12461374,142.5,20.04037591,29.9,6.991388345,60,-29.83685415
LeGarrette Blount,RB,PIT,149,87.10019435,87.80833333,87.10019435,137.7306723,29.06022052,17.6978,6.834672348,49,-30.92855978
Carson Palmer,QB,ARI,150,289.3576674,290.4914286,289.3576674,140,28.15614523,14.5,6.391184084,19,-31.59633693
Marcedes Lewis,TE,JAC,151,73.92526819,72.28571429,73.92526819,184.2,11.20854266,21.7,5.052067914,23,-31.84987091
Rod Streater,WR,OAK,152,91.66620522,91.99514286,91.66620522,156.4,11.46718777,23,5.218950119,61,-32.29526267
Andrew Hawkins,WR,CLE,153,90.65957421,89.28085714,90.65957421,151.9,8.203214527,23.7,4.889722952,62,-33.30189369
Jerricho Cotchery,WR,CAR,154,90.37469959,91.98,90.37469959,164.7,15.14814149,24.3,5.80726686,63,-33.5867683
Marqise Lee,WR,JAC,155,89.12524638,89.56571429,89.12524638,156.3,12.27787402,28.2,5.858907863,64,-34.83622151
Aaron Dobson,WR,NE,156,88.89749931,87.02,88.89749931,133,21.26800638,13.2826,5.416503544,65,-35.06396858
Scott Chandler,TE,BUF,157,70.26959452,70.72571429,70.26959452,228,9.554355776,54,8.203386217,24,-35.50554459
Shonn Greene,RB,TEN,158,82.34145385,85.72,82.34145385,142.2,18.26737712,23,6.056348193,50,-35.68730028
Lance Dunbar,RB,DAL,159,82.2753623,79.14571429,82.2753623,153.3,16.76782633,21.7,5.73665671,51,-35.75339184
Nate Washington,WR,TEN,160,87.92445932,86.32,87.92445932,189.3,15.64404649,29.3,6.387687266,66,-36.03700857
Marvin Jones,WR,CIN,161,87.55029954,86.97628571,87.55029954,132.7696686,9.328084323,27.6869,5.442364882,67,-36.41116836
Odell Beckham,WR,NYG,162,86.91074116,86.34571429,86.91074116,143.05,4.15199321,12.75,3.25345892,68,-37.05072673
Timothy Wright,TE,TB,163,68.575,67.7,68.575,NA,11.75117015,NA,4.111032641,25,-37.2001391
Coby Fleener,TE,IND,164,68.49966381,67.80857143,68.49966381,174.2,11.96082892,17.8,4.739611618,26,-37.27547529
Ryan Tannehill,QB,MIA,165,283.5201346,290.9342857,283.5201346,141.4,19.1086951,11.11195,4.925132007,20,-37.43386969
Malcom Floyd,WR,SD,166,86.12513033,86.10571429,86.12513033,154.1,12.41853454,24.9,5.533456286,69,-37.83633757
Jonathan Stewart,RB,CAR,167,79.32760397,78.69142857,79.32760397,135.6833333,16.03151658,15.1739,4.968115133,52,-38.70115016
Ronnie Hillman,RB,DEN,168,79.05250376,75.32857143,79.05250376,166.7,18.77744341,28.8,6.721608949,53,-38.97625037
Andre Holmes,WR,OAK,169,84.91791587,84.92,84.91791587,162.9,16.08353195,23,5.787422191,70,-39.04355203
Levine Toilolo,TE,ATL,170,66.44999619,65.34666667,66.44999619,192.3,9.770090412,23.6,5.072286232,27,-39.32514292
Travis Kelce,TE,KC,171,66.44974132,65.81142857,66.44974132,162.6,12.26875629,21.8,5.193013229,28,-39.32539778
Jordan Matthews,WR,PHI,172,84.40000629,86.03666667,84.40000629,135.3785714,17.49091193,20.0956,5.659049897,71,-39.56146161
Knile Davis,RB,KC,173,78.17496158,76.58,78.17496158,160.9,13.86839504,19.4,5.140708655,54,-39.85379255
Miles Austin,WR,CLE,174,83.45006321,86.22285714,83.45006321,162.6,27.1025829,19.2,6.749636717,72,-40.51140468
Roy Helu,RB,WAS,175,77.47474358,74.41428571,77.47474358,168.9,13.16367657,19.4,5.053927265,55,-40.55401055
Mychal Rivera,TE,OAK,176,63.87476497,62.32285714,63.87476497,234,12.14095783,65,9.664485662,29,-41.90037413
Jace Amaro,TE,NYJ,177,63.70006688,58.83428571,63.70006688,179.4,23.62694185,13.7,5.750346341,30,-42.07507222
Zach Miller,TE,SEA,178,63.24984994,61.20571429,63.24984994,219,11.56455998,25,5.438682062,31,-42.52528916
Mike Tolbert,RB,CAR,179,74.79028983,75.60857143,74.79028983,174.8,8.493470882,23.8,4.935853151,56,-43.2384643
Dexter McCluster,RB,TEN,180,74.65000927,71.81666667,74.65000927,175.7,21.96457754,19,6.096151423,57,-43.37874486
Donnie Avery,WR,KC,181,80.29009511,79.746,80.29009511,189,8.161421153,7.2,3.170711459,73,-43.67137278
Jeremy Kerley,WR,NYJ,182,79.43182679,75.95971429,79.43182679,188.6,5.355974412,12.2,3.344592364,74,-44.52964111
Christine Michael,RB,SEA,183,73.4452871,76.20571429,73.4452871,132.4529309,34.85360595,15.8478,7.355928606,58,-44.58346703
Sam Bradford,QB,STL,184,276.2815353,277.2057143,276.2815353,164.4,33.50068798,18.3,7.444037248,21,-44.67246896
Ahmad Bradshaw,RB,IND,185,72.67660333,76.43142857,72.67660333,124.3,20.94352952,14.4652,5.49938375,59,-45.3521508
Brent Celek,TE,PHI,186,60.25,61.44857143,60.25,NA,11.42561867,NA,4.030853641,32,-45.5251391
Mike Williams,WR,BUF,187,78.125,77.72,78.125,169.6,14.47802933,20.1,5.288490483,75,-45.8364679
Stepfan Taylor,RB,ARI,188,70.45158449,73.79428571,70.45158449,176.6,22.37839094,22,6.458721592,60,-47.57716964
Jermaine Gresham,TE,CIN,189,57.82516615,59.82,57.82516615,210,15.36678546,37.7,7.226057464,33,-47.94997296
Joe Flacco,QB,BAL,190,272.8697158,274.5,272.8697158,160.2,12.29525886,16,4.593827358,22,-48.08428847
Lance Moore,WR,PIT,191,75.4246797,76.02,75.4246797,178.7,9.302764566,41.7,6.894796042,76,-48.53678819
James White,RB,NE,192,68.52259552,66.81285714,68.52259552,156.3,19.37571664,23.8,6.275929312,61,-49.50615861
Brandon Bostick,TE,GB,193,56.24999666,55.59333333,56.24999666,196,11.01303773,40.5,6.980760081,34,-49.52514244
James Starks,RB,GB,194,68.475,71.48571429,68.475,161.3,15.66561172,24.2,5.860602816,62,-49.55375413
Austin Seferian-Jenkins,TE,RIA,195,55.85008367,55.37,55.85008367,192.1,20.26351401,32.5,7.28892988,35,-49.92505543
Andre Roberts,WR,WAS,196,73.6434623,71.70142857,73.6434623,193.7,11.27733188,23.8,5.27866711,77,-50.3180056
Jonathan Grimes,RB,HOU,197,67.55002562,70.82285714,67.55002562,169.3,23.07573452,40.6,8.476587993,63,-50.47872851
Mohamed Sanu,WR,CIN,198,73.13110085,72.83914286,73.13110085,176.6,8.086191346,25.6,5.072666468,78,-50.83036704
Jacquizz Rodgers,RB,ATL,199,66.97560069,66.48571429,66.97560069,180.9,13.84791544,15.8,4.764252564,64,-51.05315344
Jeff Cumberland,TE,NYJ,200,54.34985264,54.03666667,54.34985264,NA,11.39135637,NA,4.022415294,36,-51.42528647
Eli Manning,QB,NYG,201,269.3714177,268.0614286,269.3714177,139.4,17.34553037,13.7652,4.983604673,23,-51.58258659
Brandon Pettigrew,TE,DET,202,53.1,51.68333333,53.1,197,6.552455011,1,2.328580258,37,-52.6751391
Chris Givens,WR,STL,203,71.28381483,71.17914286,71.28381483,182.3,31.88928862,53,10.84991399,79,-52.67765307
Jermichael Finley,TE,FA,204,52.65,52.65,52.65,159.5,7.72031951,5.5,2.939812705,38,-53.1251391
Brandon LaFell,WR,NE,205,70.42479629,64.39428571,70.42479629,179.2,20.76744247,47.1,8.867496091,80,-53.53667161
Steve Johnson,WR,SF,206,68.55,69.8,68.55,164.6,15.8068656,23.9,5.846836111,81,-55.4114679
Jermaine Kearse,WR,SEA,207,68.26034924,66.64285714,68.26034924,178.7,16.76592349,17.5,5.300165863,82,-55.70111866
Owen Daniels,TE,BAL,208,50.04980057,48.76285714,50.04980057,199.5,12.54591567,35.6,6.660557856,39,-55.72533853
Nate Burleson,WR,CLE,209,67.58909573,66.72,67.58909573,208,11.44529431,40.4,7.023602543,83,-56.37237217
Anthony Fasano,TE,KC,210,49.30004514,50.37,49.30004514,NA,7.731084443,NA,3.120939025,40,-56.47509396
Eddie Royal,WR,SD,211,66.81755601,65.00771429,66.81755601,193.3,17.88002783,2.1,3.837753145,84,-57.14391189
Donald Brown,RB,SD,212,60.67551621,62.44571429,60.67551621,160.1,11.57920961,20.9,5.014616602,65,-57.35323793
Andrew Quarless,TE,GB,213,47.80001275,48.16285714,47.80001275,135,21.81684583,0,4.104417826,41,-57.97512636
Marcel Reece,RB,OAK,214,59.90638469,57.30666667,59.90638469,185.7,5.166817202,9.7,3.06162241,66,-58.12236944
Adrien Robinson,TE,NYG,215,46.00016059,44.638,46.00016059,186,19.14436523,8,4.606284429,42,-59.77497851
Stevie Johnson,WR,SF,216,63.85,63.85,63.85,NA,2.899137803,NA,1.930894865,85,-60.1114679
Jerome Simpson,WR,MIN,217,63.60028952,62.02285714,63.60028952,NA,15.73817016,NA,5.092977688,86,-60.36117837
Dallas Clark,TE,NA,218,45.4,45.4,45.4,NA,NA,NA,NA,43,-60.3751391
Earl Bennett,WR,CLE,219,63.55,63.55,63.55,NA,17.88980156,NA,5.622895871,87,-60.4114679
Luke Willson,TE,SEA,220,45.025,44.89166667,45.025,NA,14.97205731,NA,4.904294287,44,-60.7501391
Kenbrell Thompkins,WR,NE,221,63.1,59.02,63.1,159,19.8784976,29.2,6.898744687,88,-60.8614679
Lance Kendricks,TE,STL,222,44.75013531,46.18666667,44.75013531,NA,7.994748276,NA,3.185875918,45,-61.02500379
Rob Housler,TE,ARI,223,44.25000579,44.6,44.25000579,NA,19.5263924,NA,6.025966415,46,-61.52513331
John Carlson,TE,ARI,224,44.10045416,43.16666667,44.10045416,NA,10.57443458,NA,3.821218327,47,-61.67468494
Brandon Gibson,WR,MIA,225,61.90023378,61.43,61.90023378,191,15.17911943,6,3.910249589,89,-62.06123412
Marlon Brown,WR,BAL,226,61.5246507,54.73428571,61.5246507,191.6,23.242623,22.3,6.5963072,90,-62.4368172
Jordan Todman,RB,JAC,227,55.525,50.96571429,55.525,183.8,20.2077425,25.8,6.586128963,67,-62.50375413
Brandon Myers,TE,TB,228,42.95026997,45.39,42.95026997,182.5,10.46016252,15.5,4.315912153,48,-62.82486913
Denarius Moore,WR,OAK,229,60.82520488,62.32,60.82520488,178.6,23.40249274,18,6.169350512,91,-63.13626301
Gavin Escobar,TE,DAL,230,42.45012269,41.92,42.45012269,175,11.2722225,14.1,4.270493094,49,-63.32501641
Austin Pettis,WR,STL,231,60.55000103,43.98333333,60.55000103,NA,25.65612987,NA,7.535639188,92,-63.41146687
Tre Mason,RB,STL,232,54.47886396,59.30428571,54.47886396,145.7932027,29.64383715,24.1847,7.580339055,68,-63.54989017
Brian Quick,WR,STL,233,60.34992645,58.69666667,60.34992645,193.7,15.75991751,29.1,6.381181892,93,-63.61154144
Troy Niklas,TE,ARI,234,42.07476383,40.325,42.07476383,NA,20.54724231,NA,6.277388166,50,-63.70037527
Ka'Deem Carey,RB,CHI,235,54.3,53.88333333,54.3,187.8,8.574069434,32.5,5.849452555,69,-63.72875413
Ryan Griffin,TE,HOU,236,42.00016655,42.3,42.00016655,NA,22.39151625,NA,6.731608295,51,-63.77497255
C.J. Anderson,RB,DEN,237,53.24138382,55.11714286,53.24138382,159.05,20.01219533,15.09235,5.449838589,70,-64.78737031
Allen Robinson,WR,JAC,238,57.875,57.89428571,57.875,172.8,20.82437903,18.8,5.934969441,94,-66.0864679
Bobby Rainey,RB,TB,239,51.69970369,52.16,51.69970369,173,16.54195244,11,4.597426412,71,-66.32905044
Jerrel Jernigan,WR,NYG,240,57.53205561,52.99266667,57.53205561,187.3,24.47446152,63.1,10.98592044,95,-66.42941228
Joseph Fauria,TE,DET,241,39.10029934,42.56,39.10029934,NA,21.26057384,NA,6.453072228,52,-66.67483976
Latavius Murray,RB,OAK,242,51.09503985,51.82833333,51.09503985,184.8,17.63983418,23.6,6.041392817,72,-66.93371428
Bilal Powell,RB,NYJ,243,50.8751735,52.82857143,50.8751735,190,10.30362858,8,3.517606532,73,-67.15358063
Ben Watson,TE,NO,244,38.35,38.35,38.35,NA,1.626345597,NA,1.617423082,53,-67.4251391
Ted Ginn,WR,ARI,245,56.17153203,55.31714286,56.17153203,NA,20.21227821,NA,6.194890965,96,-67.78993586
John Brown,WR,ARI,246,55.09962624,51.08,55.09962624,168.4,25.18579917,27.1,7.334175302,97,-68.86184166
Michael Bush,RB,NA,247,49.1,49.1,49.1,NA,NA,NA,NA,74,-68.92875413
C.J. Fiedorowicz,TE,HOU,248,36.58767374,39,36.58767374,NA,14.32119641,NA,4.743995909,54,-69.18746537
Daniel Thomas,RB,MIA,249,48.41095707,44.95166667,48.41095707,237.5,11.67236123,54.5,8.516139798,75,-69.61779706
Robert Turbin,RB,SEA,250,47.74970403,46.77428571,47.74970403,172.6,22.59542642,16.3,5.893385642,76,-70.2790501
Greg Little,WR,OAK,251,53.5502981,53.1,53.5502981,NA,18.65140745,NA,5.810469267,98,-70.4111698
Clay Harbor,TE,JAC,252,35.35,32.26666667,35.35,NA,11.79590324,NA,4.122049805,55,-70.4251391
Josh Gordon,WR,CLE,253,53.4632501,42.8,53.4632501,118.8668444,9.90420786,17.8804,4.494703614,99,-70.49821779
Benny Cunningham,RB,STL,254,46.55013531,47.31714286,46.55013531,185.7,20.87653045,6.9,4.705331391,77,-71.47861882
Cole Beasley,WR,DAL,255,52.37524638,52.2,52.37524638,NA,12.28805072,NA,4.24325918,100,-71.58622151
David Ausberry,TE,OAK,256,33.975,34.695,33.975,NA,20.61928143,NA,6.295130441,56,-71.8001391
Jacoby Jones,WR,BAL,257,52.1502298,44.37314286,52.1502298,NA,14.79067499,NA,4.859622236,101,-71.8112381
Chris Polk,RB,PHI,258,45.95001387,45.94714286,45.95001387,171.1,10.80988591,29.5,5.813166675,78,-72.07874026
Tiquan Underwood,WR,CAR,259,51.60020908,51.14666667,51.60020908,NA,18.0481301,NA,5.661890082,102,-72.36125882
Larry Donnell,TE,NYG,260,32.9,32.9,32.9,NA,20.78893937,NA,6.336914934,57,-72.8751391
Benjamin Watson,TE,NO,261,32.4,32.4,32.4,NA,NA,NA,NA,58,-73.3751391
Kris Durham,WR,DET,262,49.9,40.76,49.9,NA,22.57449889,NA,6.776674483,103,-74.0614679
Tim Wright,TE,TB,263,31.55,32.83333333,31.55,183.5,8.619358058,35.2,6.135480171,59,-74.2251391
Martavis Bryant,WR,PIT,264,49.59969954,48.98333333,49.59969954,NA,21.30327831,NA,6.463589771,104,-74.36176836
Matt Asiata,RB,MIN,265,43.55,42.44666667,43.55,NA,14.80333296,NA,4.862739725,79,-74.47875413
Travaris Cadet,RB,NO,266,43.49952268,41.922,43.49952268,185,24.01150391,9,5.309510775,80,-74.52923145
Davante Adams,WR,GB,267,49.24286638,52.15142857,49.24286638,176.8,25.26050936,11.4,5.712606929,105,-74.71860152
Richard Rodgers,TE,GB,268,31.05,28.4,31.05,163.15,10.9001529,5.25,3.305420381,60,-74.7251391
Cody Latimer,WR,DEN,269,48.7499965,37.26571429,48.7499965,179.9,23.43447603,32.1,7.637864514,106,-75.21147139
Ed Dickson,TE,CAR,270,30.25,30.58,30.25,NA,17.89851949,NA,5.625042981,61,-75.5251391
Jason Avant,WR,CAR,271,48.425,48.06571429,48.425,NA,16.06916598,NA,5.174497553,107,-75.5364679
Jerick McKinnon,RB,MIN,272,42.47132639,37.08333333,42.47132639,218.3,24.2000551,35.1,8.043752286,81,-75.55742774
Stephen Hill,WR,NYJ,273,48.34958465,40.42285714,48.34958465,178.5,14.69349062,3.5,3.59077113,108,-75.61188324
Brandon Bolden,RB,NE,274,42.15000543,41.39714286,42.15000543,NA,16.53183192,NA,5.288446018,82,-75.87874871
Andre Brown,RB,HOU,275,41.55,41.55,41.55,142.25,10.39446968,8.8,3.61188949,83,-76.47875413
Jacob Tamme,TE,DEN,276,29.225,30.1,29.225,NA,14.96028075,NA,4.901393876,62,-76.5501391
Kevin Ogletree,WR,DET,277,47.05,46.36666667,47.05,NA,3.611555528,NA,2.106353871,109,-76.9114679
Johnny Manziel,QB,CLE,278,243.9890413,251.8457143,243.9890413,144.0125,50.51494791,18.44455,9.55424465,24,-76.96496297
Marquise Goodwin,WR,BUF,279,46.93608294,38.58371429,46.93608294,NA,20.47202034,NA,6.258861994,110,-77.02538495
Jim Dray,TE,CLE,280,28.25,28.25,28.25,NA,11.38441918,NA,4.020706755,63,-77.5251391
Peyton Hillis,RB,NYG,281,40.30000563,37.96666667,40.30000563,NA,18.15154723,NA,5.687360345,84,-77.7287485
A.J. Jenkins,WR,KC,282,45.90942682,46.13742857,45.90942682,NA,10.92311594,NA,3.907093907,111,-78.05204107
Austin Collie,WR,NA,283,45.9,45.9,45.9,NA,NA,NA,NA,112,-78.0614679
Fozzy Whittaker,RB,CAR,284,39.8,39.8,39.8,NA,NA,NA,NA,85,-78.22875413
Jarvis Landry,WR,MIA,285,45.70021862,44.23428571,45.70021862,235.5,25.23170719,48.5,9.56265943,113,-78.26124928
E.J. Manuel,QB,BUF,286,242.3746183,243.6742857,242.3746183,173.9,20.46465571,17.2,5.724478947,25,-78.57938605
Dri Archer,RB,PIT,287,39.15031217,32.85142857,39.15031217,NA,18.54838717,NA,5.785096743,86,-78.87844196
Mike James,RB,TB,288,38.8847871,38.21142857,38.8847871,NA,10.20912943,NA,3.731248531,87,-79.14396703
Jonathan Dwyer,RB,ARI,289,38.875,35.66285714,38.875,198.4,13.21599896,22.9,5.423917522,88,-79.15375413
Robert Housler,TE,ARI,290,26.15,26.15,26.15,NA,13.08147545,NA,4.438669133,64,-79.6251391
Zach Sudfeld,TE,NYJ,291,25.855,24.17333333,25.855,NA,10.29602512,NA,3.752649783,65,-79.9201391
Brandon Lloyd,WR,SF,292,43.75,45.93333333,43.75,NA,4.82113403,NA,2.40425696,114,-80.2114679
Paul Richardson,WR,SEA,293,43.69995957,43.3,43.69995957,223,15.47950258,44,7.894322613,115,-80.26150832
Bryce Brown,RB,BUF,294,37.30018295,39.38857143,37.30018295,155.1,10.68539101,12.2,4.000874559,89,-80.72857119
Ace Sanders,WR,JAC,295,43.16087056,43.70733333,43.16087056,NA,20.46417724,NA,6.256930343,116,-80.80059733
Tony Moeaki,TE,BUF,296,24.78545006,23.4875,24.78545006,NA,17.1262165,NA,5.434835031,66,-80.98968904
Mikel Leshoure,RB,DET,297,36.81516814,27.88333333,36.81516814,NA,23.87655754,NA,7.097354203,90,-81.21358599
Mario Manningham,WR,NYG,298,42.5,38.3,42.5,NA,34.56428793,NA,9.729599978,117,-81.4614679
BenJarvus Green-Ellis,RB,CIN,299,36.49273222,36.17285714,36.49273222,169.8,11.69736784,21.5,5.091489362,91,-81.53602192
DuJuan Harris,RB,GB,300,36.46240783,26.05083333,36.46240783,NA,12.1878888,NA,4.218590631,92,-81.5663463
Logan Paulsen,TE,WAS,301,23.85,25.53333333,23.85,NA,11.8449708,NA,4.134134492,67,-81.9251391
Santonio Holmes,WR,CHI,302,41.95,42.03333333,41.95,NA,23.02006371,NA,6.886411171,118,-82.0114679
Devin Street,WR,DAL,303,41.9,36.95,41.9,NA,15.80558973,NA,5.10958223,119,-82.0614679
Mike Brown,WR,JAC,304,41.83555241,33.54,41.83555241,NA,3.982775414,NA,2.197780389,120,-82.12591549
Quinton Patton,WR,SF,305,41.7,42.48333333,41.7,NA,10.93434955,NA,3.909860594,121,-82.2614679
Junior Hemingway,WR,KC,306,41.69976341,41.83666667,41.69976341,NA,13.89538293,NA,4.639123714,122,-82.26170448
Denard Robinson,WR,JAX,307,41.45038554,38.535,41.45038554,NA,23.24546443,NA,6.941924369,123,-82.51108236
David Nelson,WR,NYJ,308,41.00594478,30.61166667,41.00594478,NA,14.14874553,NA,4.701523551,124,-82.95552312
Jarius Wright,WR,MIN,309,40.79940876,41.23666667,40.79940876,NA,23.56548323,NA,7.020740741,125,-83.16205914
Marcus Lattimore,RB,SF,310,34.66233128,31.23333333,34.66233128,178.7,23.56587929,6.1,4.953410325,93,-83.36642286
Arrelious Benn,WR,PHI,311,40.4,40.4,40.4,NA,NA,NA,NA,126,-83.5614679
Joe Morgan,WR,NO,312,39.975,42.1,39.975,NA,10.9658561,NA,3.917620239,127,-83.9864679
Isaiah Crowell,RB,CLE,313,33.63104759,33.39,33.63104759,178.3,12.27754047,13.3,4.311194833,94,-84.39770654
Alfred Blue,RB,HOU,314,33.44883687,31.472,33.44883687,181,12.09580175,39.2,6.979063485,95,-84.57991726
Michael Hoomanawanui,TE,NE,315,21.1675,19.32333333,21.1675,NA,8.283093223,NA,3.256891442,68,-84.6076391
Allen Hurns,WR,JAC,316,39.3,39.3,39.3,NA,33.37544007,NA,9.436802571,128,-84.6614679
Willis McGahee,RB,NA,317,33.2,33.2,33.2,NA,NA,NA,NA,96,-84.82875413
Jared Abbrederis,WR,GB,318,38.7,38.7,38.7,NA,NA,NA,NA,129,-85.2614679
T.J. Graham,WR,BUF,319,37.875,35.74166667,37.875,NA,15.03484841,NA,4.919758899,130,-86.0864679
Jon Baldwin,WR,DET,320,37.75,37.75,37.75,NA,2.050609665,NA,1.721913676,131,-86.2114679
Kellen Davis,TE,NYG,321,19.35,19.35,19.35,NA,25.5265548,NA,7.503726572,69,-86.4251391
Griff Whalen,WR,IND,322,37.52090012,34.6,37.52090012,NA,16.6807274,NA,5.325116994,132,-86.44056777
Robert Meachem,WR,NO,323,37.4005422,31.22666667,37.4005422,NA,18.9336399,NA,5.879979364,133,-86.5609257
Jeff Janis,WR,GB,324,37.1,37.1,37.1,NA,NA,NA,NA,134,-86.8614679
Keshawn Martin,WR,HOU,325,36.74958657,39.05333333,36.74958657,NA,13.38189075,NA,4.512657423,135,-87.21188132
Da'Rick Rogers,WR,IND,326,36.6,36.09166667,36.6,NA,7.583095234,NA,3.084491252,136,-87.3614679
LaRod Stephens-Howling,RB,NA,327,30.4,30.4,30.4,NA,NA,NA,NA,97,-87.62875413
Mike Goodson,RB,NYJ,328,30.3,30.3,30.3,NA,NA,NA,NA,98,-87.72875413
Ryan Broyles,WR,DET,329,35.84287593,28.94166667,35.84287593,NA,23.8742958,NA,7.096797167,137,-88.11859196
Chris Ogbonnaya,RB,CLE,330,29.80791236,25.29333333,29.80791236,NA,20.72253202,NA,6.320559688,99,-88.22084177
Jake Locker,QB,TEN,331,232.6186094,235.4514286,232.6186094,167.3,56.17802383,18.7,10.27814852,26,-88.33539489
Darrel Young,RB,WAS,332,29.5,29.5,29.5,NA,6.081118318,NA,2.714574324,100,-88.52875413
Donte Moncrief,WR,IND,333,34.95144454,31.92,34.95144454,183.5,22.72194241,7.5,4.994903955,138,-89.01002335
Demetrius Harris,TE,KC,334,16.4,16.4,16.4,NA,NA,NA,NA,70,-89.3751391
Jalen Saunders,WR,NYJ,335,34.45,30.26666667,34.45,NA,17.97368447,NA,5.643555114,139,-89.5114679
Marquess Wilson,WR,CHI,336,34.38116844,42.35,34.38116844,NA,22.64655971,NA,6.794422105,140,-89.58029946
Andre Caldwell,WR,DEN,337,34.32858634,29.245,34.32858634,144,14.52033057,0,3.205900519,141,-89.63288155
Darrius Heyward-Bey,WR,PIT,338,34.15,34.15,34.15,NA,21.28391411,NA,6.458820627,142,-89.8114679
Gary Barnidge,TE,CLE,339,15.9,15,15.9,NA,7.610738028,NA,3.091299304,71,-89.8751391
Josh Hill,TE,NO,340,15.6,15.6,15.6,NA,10.46518036,NA,3.794310467,72,-90.1751391
Josh McCown,QB,TB,341,230.5093527,234.1371429,230.5093527,144.8292683,38.84021529,18.7804,8.151463946,27,-90.44465159
Chase Ford,TE,MIN,342,15.3,15.3,15.3,NA,NA,NA,NA,73,-90.4751391
Vincent Brown,WR,SD,343,33.14021968,35.50857143,33.14021968,NA,20.10767302,NA,6.169128098,143,-90.82124822
Chris Owusu,WR,TB,344,33.00046819,27.77,33.00046819,NA,13.13798564,NA,4.452586841,144,-90.96099971
Chris Hogan,WR,BUF,345,32.85,32.85,32.85,NA,4.596194078,NA,2.348857243,145,-91.1114679
Shaq Evans,WR,NYJ,346,32.8,32.8,32.8,NA,38.18376618,NA,10.62102931,146,-91.1614679
Daniel Herron,RB,IND,347,26.69,26.69,26.69,NA,NA,NA,NA,101,-91.33875413
Joseph Randle,RB,DAL,348,26.6,25.07,26.6,191.5,5.914530131,3.5,2.509700556,102,-91.42875413
Santana Moss,WR,WAS,349,32.26409646,32.125,32.26409646,NA,15.29630511,NA,4.984152206,147,-91.69737144
Dion Sims,TE,MIA,350,14.05,14.05,14.05,NA,2.899137803,NA,1.930894865,74,-91.7251391
Bruce Ellington,WR,SF,351,32.1,32.1,32.1,NA,14.99066376,NA,4.908876809,148,-91.8614679
LaVon Brazill,WR,NA,352,32,32,32,NA,NA,NA,NA,149,-91.9614679
Aldrick Robinson,WR,WAS,353,31.925,34.03333333,31.925,NA,6.987369558,NA,2.937771945,150,-92.0364679
Vance McDonald,TE,SF,354,13.13,19.305,13.13,NA,16.06400012,NA,5.173225272,75,-92.6451391
Kevin Norwood,WR,SEA,355,31.2,31.2,31.2,NA,8.343860018,NA,3.271857495,151,-92.7614679
DeVier Posey,WR,HOU,356,31.10001778,25.32857143,31.10001778,NA,15.90066036,NA,5.132996863,152,-92.86145011
Rhett Ellison,TE,MIN,357,12.55,12.55,12.55,NA,6.01040764,NA,2.697159225,76,-93.2251391
Anthony Dixon,RB,BUF,358,24.775,21.83333333,24.775,NA,14.72288468,NA,4.842926385,103,-93.25375413
Craig Stevens,TE,TEN,359,12.35,12.35,12.35,NA,4.87903679,NA,2.41851764,77,-93.4251391
De'Anthony Thomas,RB,KC,360,24.6,24.2,24.6,192.5,12.76329372,1.5,3.145339023,104,-93.42875413
Lorenzo Taliaferro,RB,BAL,361,24.3066753,31,24.3066753,NA,15.07204919,NA,4.928920956,105,-93.72207884
Lache Seastrunk,RB,WAS,362,24.29286872,24.86,24.29286872,NA,16.88866484,NA,5.376329217,106,-93.73588541
Louis Murphy,WR,TB,363,29.75,29.4,29.75,NA,16.69917663,NA,5.329660793,153,-94.2114679
Charles Sims,RB,TB,364,23.69,26.3,23.69,169.7,13.2332748,19.9,5.114433124,107,-94.33875413
Virgil Green,TE,DEN,365,11.4,11.4,11.4,NA,8.202438662,NA,3.237027297,78,-94.3751391
Drew Davis,WR,ATL,366,29.4273778,27.25833333,29.4273778,NA,15.92282691,NA,5.138456187,154,-94.53409009
Matt Spaeth,TE,PIT,367,11.215,11.215,11.215,NA,1.718269478,NA,1.64006271,79,-94.5601391
Juron Criner,WR,OAK,368,29.375,29.5,29.375,NA,13.45696846,NA,4.531148063,155,-94.5864679
Bear Pascoe,TE,ATL,369,11.145,11.145,11.145,NA,4.871965722,NA,2.41677613,80,-94.6301391
Theo Riddick,RB,DET,370,23.3,26.45,23.3,181.5,12.43583532,13.4,4.34107485,108,-94.72875413
Shaun Draughn,RB,CHI,371,23.2199943,27.29333333,23.2199943,NA,21.18856925,NA,6.435338455,109,-94.80875984
Ricardo Lockette,WR,SEA,372,29.1,29.1,29.1,NA,NA,NA,NA,156,-94.8614679
Stedman Bailey,WR,STL,373,29.04,33.33166667,29.04,NA,17.73661843,NA,5.585168904,157,-94.9214679
Justin Forsett,RB,BAL,374,23.09999655,23.175,23.09999655,NA,14.26218777,NA,4.729462866,110,-94.92875759
Dennis Johnson,RB,HOU,375,22.2,21.36666667,22.2,NA,13.93000359,NA,4.647650322,111,-95.82875413
David Paulson,TE,PIT,376,9.65,9.65,9.65,NA,5.586143571,NA,2.59266863,81,-96.1251391
Josh Huff,WR,PHI,377,27.75,24.24166667,27.75,NA,9.772538053,NA,3.623721884,158,-96.2114679
Marcus Harris,WR,NYG,378,27.4,27.4,27.4,NA,NA,NA,NA,159,-96.5614679
Geno Smith,QB,NYJ,379,224.1106549,219.42,224.1106549,173.2,22.84817842,15,5.789478588,28,-96.8433494
Michael Preston,WR,TEN,380,27,27,27,NA,NA,NA,NA,160,-96.9614679
John Kuhn,RB,GB,381,21.00803353,21.15166667,21.00803353,NA,13.17673075,NA,4.462129246,112,-97.02072061
Jackie Battle,RB,TEN,382,20.70629478,20.6175,20.70629478,NA,18.70534393,NA,5.823753104,113,-97.32245935
Ronnie Brown,RB,HOU,383,20.005,25.44666667,20.005,NA,16.84130636,NA,5.364665455,114,-98.02375413
D.J. Williams,TE,NE,384,7.75,7.75,7.75,NA,NA,NA,NA,82,-98.0251391
Ryan Taylor,TE,GB,385,7.66,7.66,7.66,NA,8.570134188,NA,3.327585812,83,-98.1151391
Jed Collins,RB,DET,386,19.91,17.98,19.91,NA,8.877567234,NA,3.40330248,115,-98.11875413
James Hanna,TE,DAL,387,7.5,7.5,7.5,NA,NA,NA,NA,84,-98.2751391
Johnathan Franklin,RB,GB,388,19.6,19.6,19.6,NA,13.85929291,NA,4.630235223,116,-98.42875413
John Phillips,TE,SDC,389,6.9,6.9,6.9,NA,NA,NA,NA,85,-98.8751391
Rishard Matthews,WR,MIA,390,24.4,24.4,24.4,NA,12.68778941,NA,4.341709499,161,-99.5614679
Leonard Hankerson,WR,WAS,391,24,27,24,NA,19.0827933,NA,5.91671386,162,-99.9614679
Mike Thomas,WR,HOU,392,23.25,23.25,23.25,NA,30.19345956,NA,8.653123112,163,-100.7114679
Daryl Richardson,RB,NYJ,393,17.21860563,16.3,17.21860563,NA,14.78100132,NA,4.857239739,117,-100.8101485
Niles Paul,TE,WAS,394,4.7,4.7,4.7,NA,NA,NA,NA,86,-101.0751391
Robert Herron,WR,TB,395,22.725,25.8,22.725,NA,15.73891144,NA,5.093160255,164,-101.2364679
Anthony Sherman,RB,KC,396,16.77,17.66333333,16.77,NA,2.307169984,NA,1.785101069,118,-101.2587541
Dwayne Harris,WR,DAL,397,22.68,19.89833333,22.68,NA,20.72637289,NA,6.321505644,165,-101.2814679
Damian Williams,WR,MIA,398,22.575,24.075,22.575,NA,15.81062407,NA,5.110822121,166,-101.3864679
Michael Egnew,TE,MIA,399,4.1,4.1,4.1,NA,NA,NA,NA,87,-101.6751391
Lee Smith,TE,BUF,400,4,4,4,NA,NA,NA,NA,88,-101.7751391
James Casey,TE,PHI,401,3.8,3.8,3.8,NA,NA,NA,NA,89,-101.9751391
Tyler Gaffney,RB,NE,402,15.4,15.4,15.4,NA,NA,NA,NA,119,-102.6287541
Nick Toon,WR,NO,403,21.32803353,26.475,21.32803353,NA,22.78265056,NA,6.827939471,167,-102.6334344
Frank Summers,RB,BUF,404,15.1025,16.33666667,15.1025,NA,7.672420305,NA,3.106490828,120,-102.9262541
Bruce Miller,RB,SF,405,15.04,17.82,15.04,NA,5.968349856,NA,2.686800952,121,-102.9887541
Michael Cox,RB,NYG,406,14.95199602,10.16666667,14.95199602,NA,6.436614017,NA,2.802128184,122,-103.0767581
Davone Bess,WR,NA,407,20.8,20.8,20.8,NA,NA,NA,NA,168,-103.1614679
Taylor Thompson,TE,TEN,408,2.5,2.5,2.5,NA,NA,NA,NA,90,-103.2751391
Erik Lorig,RB,NO,409,14.72,14.17666667,14.72,NA,2.685820793,NA,1.878357724,123,-103.3087541
Chris Rainey,RB,IND,410,14.6,14.6,14.6,NA,NA,NA,NA,124,-103.4287541
Stephen Houston,RB,PIT,411,14.5,14.5,14.5,NA,NA,NA,NA,125,-103.5287541
Charles Johnson,WR,CLE,412,20,20.33333333,20,195,14.36825204,3.7,3.571494283,169,-103.9614679
Edwin Baker,RB,CLE,413,13.96632501,18.10833333,13.96632501,NA,15.27620699,NA,4.979202306,126,-104.0624291
Josh Morgan,WR,CHI,414,19.65000448,18.00666667,19.65000448,NA,16.60238898,NA,5.305823284,170,-104.3114634
Dante Rosario,TE,CHI,415,1.3,1.3,1.3,NA,NA,NA,NA,91,-104.4751391
Marion Grice,RB,SD,416,13.09502437,17.525,13.09502437,NA,23.87055369,NA,7.095875534,127,-104.9337298
Cedric Peerman,RB,CIN,417,12.9,15.63333333,12.9,NA,5.762233363,NA,2.636037203,128,-105.1287541
LaMichael James,RB,SF,418,12.89435794,12.414,12.89435794,NA,9.125927807,NA,3.464470384,129,-105.1343962
Orson Charles,RB,CIN,419,12.8,12.8,12.8,NA,NA,NA,NA,130,-105.2287541
William Powell,RB,HOU,419,12.8,12.8,12.8,NA,NA,NA,NA,130,-105.2287541
Storm Johnson,RB,JAC,421,12.67,14.706,12.67,162.5,11.93504839,21.5,5.12075814,132,-105.3587541
Daniel Fells,TE,NYG,422,0.4,0.4,0.4,NA,NA,NA,NA,92,-105.3751391
Garrett Celek,TE,SFO,423,0.3,0.3,0.3,NA,NA,NA,NA,93,-105.4751391
Derrick Coleman,RB,SEA,424,12.475,12.66666667,12.475,NA,10.48347907,NA,3.798817195,133,-105.5537541
Tommy Bohanon,RB,NYJ,425,12.415,13.06,12.415,NA,6.852649123,NA,2.904592095,134,-105.6137541
Cyrus Gray,RB,KC,426,12.325,13.6,12.325,NA,8.515867542,NA,3.314220659,135,-105.7037541
Brandon Williams,TE,CAR,427,0,0,0,NA,NA,NA,NA,94,-105.7751391
Colt Lyerla,TE,GBP,427,0,0,0,NA,NA,NA,NA,94,-105.7751391
Crockett Gillmore,TE,BAL,427,0,0,0,NA,NA,NA,NA,94,-105.7751391
Matthew Mulligan,TE,CHI,427,0,0,0,NA,NA,NA,NA,94,-105.7751391
Nick Kasa,TE,OAK,427,0,0,0,NA,NA,NA,NA,94,-105.7751391
Stanley Havili,RB,IND,432,11.89,13.29,11.89,NA,4.957324547,NA,2.437798872,136,-106.1387541
Ryan Williams,RB,DAL,433,11.875,12.15,11.875,NA,5.991382701,NA,2.692473636,137,-106.1537541
Kenjon Barner,RB,CAR,434,11.74090895,10.98,11.74090895,NA,5.784461946,NA,2.641511807,138,-106.2878452
Dion Lewis,RB,CLE,435,11.27934847,11.05,11.27934847,NA,11.21710004,NA,3.979498279,139,-106.7494057
Michael Ford,RB,CHI,436,10.975,11.8,10.975,NA,9.395211546,NA,3.530791386,140,-107.0537541
Tandon Doss,WR,JAC,437,16.85,16.85,16.85,NA,14.2128463,NA,4.717310719,171,-107.1114679
Kyle Williams,WR,KC,438,16.675,18.96666667,16.675,NA,17.71089589,NA,5.578833785,172,-107.2864679
Will Johnson,RB,PIT,439,10.065,10.54333333,10.065,NA,6.06058028,NA,2.709516079,141,-107.9637541
Travis Benjamin,WR,CLE,440,15.75588261,15.351,15.75588261,NA,11.31589295,NA,4.003829658,173,-108.2055853
James Develin,RB,NE,441,9.7,9.7,9.7,NA,5.232590181,NA,2.505593135,142,-108.3287541
Jorvorskie Lane,RB,TB,441,9.7,9.7,9.7,NA,8.485281374,NA,3.306687693,143,-108.3287541
Jacoby Ford,WR,NYJ,443,15.55,18.38333333,15.55,NA,8.299598384,NA,3.260956443,174,-108.4114679
Justin Brown,WR,PIT,443,15.55,15.55,15.55,NA,NA,NA,NA,174,-108.4114679
Jalen Parmele,RB,ARI,445,9.6,9.6,9.6,NA,NA,NA,NA,144,-108.4287541
Mike Gillislee,RB,MIA,446,9.552126375,9.08,9.552126375,NA,7.536798613,NA,3.07308901,145,-108.4766278
Jerome Felton,RB,MIN,447,9.4,9.4,9.4,NA,5.515432893,NA,2.575253531,146,-108.6287541
Brenton Bersin,WR,CAR,448,14.8,14.8,14.8,NA,NA,NA,NA,176,-109.1614679
Myles White,WR,GB,449,14.7,14.7,14.7,NA,20.3646753,NA,6.232424339,177,-109.2614679
Kyle Juszczyk,RB,BAL,450,8.4,12.06666667,8.4,NA,5.084617324,NA,2.469149389,147,-109.6287541
Antone Smith,RB,ATL,451,8.330673379,8.55,8.330673379,NA,6.322183167,NA,2.773945388,148,-109.6980808
Joe McKnight,RB,KC,452,8.25,8.25,8.25,NA,6.293250353,NA,2.766819621,149,-109.7787541
Leon Washington,RB,TEN,453,8.1,8.1,8.1,NA,4.101219331,NA,2.22695155,150,-109.9287541
Josh Boyce,WR,NE,454,13.9,13.36666667,13.9,NA,8.555992052,NA,3.324102792,178,-110.0614679
Evan Royster,RB,WAS,455,7.7,7.7,7.7,NA,0.565685425,NA,1.356196595,151,-110.3287541
Jewel Hampton,RB,SFO,456,7.6,7.6,7.6,NA,NA,NA,NA,152,-110.4287541
Jaron Brown,WR,ARI,457,13.3,13.3,13.3,NA,2.404163056,NA,1.808989172,179,-110.6614679
Dane Sanzenbacher,WR,CIN,458,13.0125,14.05,13.0125,NA,2.422292303,NA,1.813454164,180,-110.9489679
Domenik Hixon,WR,NA,459,13,13,13,NA,NA,NA,NA,181,-110.9614679
Henry Hynoski,RB,NYG,460,6.9,10.28333333,6.9,NA,6.921765189,NA,2.921614462,153,-111.1287541
Patrick DiMarco,RB,ATL,461,6.8675,8.223333333,6.8675,NA,3.5220212,NA,2.084302757,154,-111.1612541
Tyler Clutts,RB,DAL,462,6.8,6.8,6.8,NA,8.202438662,NA,3.237027297,155,-111.2287541
Alvester Alexander,RB,PIT,463,6.45,6.45,6.45,NA,3.181980515,NA,2.000555262,156,-111.5787541
Dan Herron,RB,IND,464,6.4,14.26666667,6.4,NA,19.94041123,NA,6.127933745,157,-111.6287541
Collin Mooney,RB,TEN,465,6.2,6.2,6.2,NA,6.788225099,NA,2.888725315,158,-111.8287541
Jeremy Stewart,RB,OAK,466,6.15,6.15,6.15,NA,7.990306627,NA,3.184781999,159,-111.8787541
Lavelle Hawkins,WR,TB,467,11.9,11.9,11.9,NA,NA,NA,NA,182,-112.0614679
Isaiah Pead,RB,STL,468,5.15,13.8,5.15,NA,24.46589463,NA,7.242500086,160,-112.8787541
Will Ta'ufo'ou,RB,JAC,469,5.11,6.546666667,5.11,NA,3.16267819,NA,1.995801356,161,-112.9187541
Jay Prosch,RB,HOU,470,4.9,4.9,4.9,NA,3.818376618,NA,2.157291153,162,-113.1287541
Anthony Armstrong,WR,CLE,471,10.75,10.75,10.75,NA,NA,NA,NA,183,-113.2114679
Joseph Morgan,WR,NOS,472,10.6,10.6,10.6,NA,NA,NA,NA,184,-113.3614679
Brittan Golden,WR,ARI,473,10.3,10.3,10.3,NA,NA,NA,NA,185,-113.6614679
Miguel Maysonet,RB,PIT,474,4.2,4.2,4.2,NA,NA,NA,NA,163,-113.8287541
Marcus Thigpen,WR,MIA,475,9.8,9.8,9.8,NA,NA,NA,NA,186,-114.1614679
Tony Fiammetta,RB,CHI,476,3.375,6.766666667,3.375,NA,6.198655768,NA,2.743522234,164,-114.6537541
Lonnie Pryor,RB,TB,477,3,3,3,NA,NA,NA,NA,165,-115.0287541
Phillip Tanner,RB,IND,478,2.8,2.8,2.8,NA,NA,NA,NA,166,-115.2287541
Deonte Thompson,WR,BAL,479,8.6,8.6,8.6,NA,NA,NA,NA,187,-115.3614679
Jeff Demps,RB,TBB,480,2.3,2.3,2.3,NA,NA,NA,NA,167,-115.7287541
Tavarres King,WR,CAR,481,7.4,7.4,7.4,NA,NA,NA,NA,188,-116.5614679
Tauren Poole,RB,PIT,482,1.4,1.4,1.4,NA,NA,NA,NA,168,-116.6287541
Michael Hill,RB,GBP,483,1.3,1.3,1.3,NA,NA,NA,NA,169,-116.7287541
Spencer Ware,RB,SEA,484,1,1,1,NA,NA,NA,NA,170,-117.0287541
Alex Green,RB,NYJ,485,0.8,0.8,0.8,NA,NA,NA,NA,171,-117.2287541
T.J. Jones,WR,DET,486,6.55,6.55,6.55,NA,NA,NA,NA,189,-117.4114679
Chase Reynolds,RB,STL,487,0.6,0.6,0.6,NA,NA,NA,NA,172,-117.4287541
Cierre Wood,RB,BAL,488,0.2,0.2,0.2,NA,NA,NA,NA,173,-117.8287541
Jonas Gray,RB,NEP,488,0.2,0.2,0.2,NA,NA,NA,NA,173,-117.8287541
Josh Vaughan,RB,ATL,490,0.1,0.1,0.1,NA,NA,NA,NA,175,-117.9287541
Kendall Gaskins,RB,NYG,490,0.1,0.1,0.1,NA,NA,NA,NA,175,-117.9287541
Rex Burkhead,RB,CIN,490,0.1,0.1,0.1,NA,NA,NA,NA,175,-117.9287541
Ronnie Wingo,RB,BUF,490,0.1,0.1,0.1,NA,NA,NA,NA,175,-117.9287541
Antonio Andrews,RB,TEN,494,0,0,0,NA,NA,NA,NA,179,-118.0287541
Ben Malena,RB,DAL,494,0,0,0,NA,NA,NA,NA,179,-118.0287541
Brennan Clay,RB,DEN,494,0,0,0,NA,NA,NA,NA,179,-118.0287541
Chris Thompson,RB,WAS,494,0,5.466666667,0,NA,NA,NA,NA,179,-118.0287541
David Fluellen,RB,PHI,494,0,0,0,NA,NA,NA,NA,179,-118.0287541
David Wilson,RB,NYG,494,0,0,0,142.5,NA,8.8956,3.466743671,179,-118.0287541
Henry Josey,RB,PHI,494,0,0,0,NA,NA,NA,NA,179,-118.0287541
Jeremiah Johnson,RB,DEN,494,0,0,0,NA,NA,NA,NA,179,-118.0287541
Joe Banyard,RB,MIN,494,0,0,0,NA,NA,NA,NA,179,-118.0287541
Jordan Lynch,RB,CHI,494,0,0,0,NA,NA,NA,NA,179,-118.0287541
Juwan Thompson,RB,DEN,494,0,0,0,NA,NA,NA,NA,179,-118.0287541
Kapri Bibbs,RB,DEN,494,0,0,0,NA,NA,NA,NA,179,-118.0287541
Kendall Hunter,RB,SFO,494,0,0,0,NA,NA,NA,NA,179,-118.0287541
Kerwynn Williams,RB,SDC,494,0,0,0,NA,NA,NA,NA,179,-118.0287541
Matthew Tucker,RB,PHI,494,0,0,0,NA,NA,NA,NA,179,-118.0287541
Rajion Neal,RB,GBP,494,0,0,0,NA,NA,NA,NA,179,-118.0287541
Vick Ballard,RB,IND,494,0,0,0,NA,NA,NA,NA,179,-118.0287541
Zach Line,RB,MIN,494,0,0,0,NA,NA,NA,NA,179,-118.0287541
Brice Butler,WR,OAK,512,5.3,5.3,5.3,NA,NA,NA,NA,190,-118.6614679
Damaris Johnson,WR,PHI,513,5.1,5.1,5.1,NA,3.535533906,NA,2.087630757,191,-118.8614679
Jeremy Ross,WR,DET,514,4.89,4.89,4.89,NA,NA,NA,NA,192,-119.0714679
Brandon Tate,WR,CIN,515,4.47,4.47,4.47,NA,2.644579362,NA,1.868200508,193,-119.4914679
Devin Hester,WR,ATL,516,2.435,2.435,2.435,NA,3.302188668,NA,2.03016093,194,-121.5264679
Brad Smith,WR,PHI,517,0.2,0.2,0.2,NA,NA,NA,NA,195,-123.7614679
Seyi Ajirotutu,WR,SDC,517,0.2,0.2,0.2,NA,NA,NA,NA,195,-123.7614679
Chris Harper,WR,GBP,519,0,0,0,NA,NA,NA,NA,197,-123.9614679
Cobi Hamilton,WR,CIN,519,0,0,0,NA,NA,NA,NA,197,-123.9614679
Jordan Norwood,WR,DEN,519,0,0,0,NA,NA,NA,NA,197,-123.9614679
Kealoha Pilares,WR,CAR,519,0,0,0,NA,NA,NA,NA,197,-123.9614679
Lestar Jean,WR,MIN,519,0,0,0,NA,NA,NA,NA,197,-123.9614679
Tobais Palmer,WR,NOS,519,0,0,0,NA,NA,NA,NA,197,-123.9614679
Eric Page,WR,TBB,525,-0.5,-0.5,-0.5,NA,NA,NA,NA,203,-124.4614679
Marc Mariani,WR,TEN,526,-1.3,-1.3,-1.3,NA,NA,NA,NA,204,-125.2614679
Jeremy Ebert,WR,ATL,527,-1.6,-1.6,-1.6,NA,NA,NA,NA,205,-125.5614679
Trindon Holliday,WR,NYG,528,-2,-2,-2,NA,NA,NA,NA,206,-125.9614679
Ryan Fitzpatrick,QB,HOU,529,194.9086671,194.4114286,194.9086671,180,41.39185082,18.1,8.395007328,29,-126.0453372
Matt Schaub,QB,OAK,530,192.2797511,195.2385714,192.2797511,190.9,51.91234677,16.1,9.482795205,30,-128.6742532
Teddy Bridgewater,QB,MIN,531,162.6728571,165.0071429,162.6728571,186.5,70.1630574,23.7,12.51966536,31,-158.2811472
Chad Henne,QB,JAC,532,159.6062461,160.6357143,159.6062461,191.2,42.76445425,23.2,9.093774373,32,-161.3477582
Matt Cassel,QB,MIN,533,114.831334,118.5914286,114.831334,199.8,51.49607345,36.6,11.56088124,33,-206.1226703
Michael Vick,QB,NYJ,534,87.29331242,85.32714286,87.29331242,224.3,64.99676882,38,13.36882089,34,-233.6606919
Blake Bortles,QB,JAC,535,70.55858209,80.53,70.55858209,234,39.45273332,32,9.600019264,35,-250.3954222
Brian Hoyer,QB,CLE,536,70.01998218,79,70.01998218,210,54.06453872,36.8,11.89794476,36,-250.9340221
Case Keenum,QB,HOU,537,52.455,41.16,52.455,NA,34.92770247,NA,9.819104144,37,-268.4990043
Derek Carr,QB,OAK,538,51.73020079,55.80666667,51.73020079,NA,41.36604598,NA,11.40478248,38,-269.2238035
Mike Glennon,QB,TB,539,51.54306489,53.65428571,51.54306489,246.5,17.10169471,42.5,7.93827888,39,-269.4109394
Tom Savage,QB,HOU,540,49.35065549,68.13,49.35065549,NA,58.01504862,NA,15.50521028,40,-271.6033488
Charlie Whitehurst,QB,TEN,541,39.30015822,50.23,39.30015822,NA,39.72390045,NA,11.00034388,41,-281.6538461
Thad Lewis,QB,BUF,542,36.62,40.52,36.62,NA,30.58158923,NA,8.748714286,42,-284.3340043
Kirk Cousins,QB,WAS,543,36.39491034,35.61714286,36.39491034,NA,13.75652503,NA,4.604924862,43,-284.559094
Jason Campbell,QB,CIN,544,34.75210028,33.94333333,34.75210028,NA,35.81323591,NA,10.03719925,44,-286.201904
Shaun Hill,QB,STL,545,33.70439246,24.64,33.70439246,NA,19.90856968,NA,6.120091595,45,-287.2496118
Christian Ponder,QB,MIN,546,31.73,31.73,31.73,NA,21.67989391,NA,6.556345182,46,-289.2240043
Kellen Clemens,QB,SDC,547,31.08,31.08,31.08,NA,NA,NA,NA,47,-289.8740043
Matt McGloin,QB,OAK,548,29.44,29.44,29.44,NA,20.70408655,NA,6.316016815,48,-291.5140043
Brandon Weeden,QB,DAL,549,27.48091598,24.82666667,27.48091598,NA,22.94794108,NA,6.868648327,49,-293.4730883
Matt Flynn,QB,GB,550,26.24,29.79333333,26.24,NA,30.55614068,NA,8.742446647,50,-294.7140043
Josh Freeman,QB,NYG,551,25.28,25.28,25.28,NA,NA,NA,NA,51,-295.6740043
Terrelle Pryor,QB,SEA,552,24.09,24.09,24.09,NA,32.03193719,NA,9.105915688,52,-296.8640043
Blaine Gabbert,QB,SF,553,24.03,24.03,24.03,NA,33.75727773,NA,9.530844106,53,-296.9240043
Kyle Orton,QB,NA,554,21.66,21.66,21.66,NA,NA,NA,NA,54,-299.2940043
Jimmy Clausen,QB,CHI,555,21.62,21.62,21.62,NA,NA,NA,NA,55,-299.3340043
Zach Mettenberger,QB,TEN,556,21.14,21.69333333,21.14,NA,14.70782105,NA,4.839216412,56,-299.8140043
Jordan Palmer,QB,CHI,557,20.59,21.05333333,20.59,NA,5.786754992,NA,2.642076554,57,-300.3640043
Tarvaris Jackson,QB,SEA,558,19.48,19.48,19.48,NA,NA,NA,NA,58,-301.4740043
Mark Sanchez,QB,PHI,559,18.4797224,18.66,18.4797224,NA,16.3283802,NA,5.238338567,59,-302.4742819
A.J. McCarron,QB,CIN,560,13.39,13.39,13.39,NA,NA,NA,NA,60,-307.5640043
Chase Daniel,QB,KC,561,12.09,10.62666667,12.09,NA,10.5077749,NA,3.804800935,61,-308.8640043
Tyrod Taylor,QB,BAL,562,12.06,12.06,12.06,NA,NA,NA,NA,62,-308.8940043
Thaddeus Lewis,QB,BUF,563,8.57,8.57,8.57,NA,3.2951176,NA,2.02841942,63,-312.3840043
Matt Moore,QB,MIA,564,8.17,9.366666667,8.17,NA,12.08546786,NA,4.193365717,64,-312.7840043
Drew Stanton,QB,ARI,565,6.82,8.62,6.82,NA,10.68922822,NA,3.849490474,65,-314.1340043
Bruce Gradkowski,QB,PIT,566,5.98,8.646666667,5.98,NA,9.360370363,NA,3.522210466,66,-314.9740043
Brock Osweiler,QB,DEN,567,5.04,5.04,5.04,NA,2.093036072,NA,1.732362736,67,-315.9140043
Matt Hasselbeck,QB,IND,568,4.36,4.36,4.36,NA,3.62038672,NA,2.108528876,68,-316.5940043
Derek Anderson,QB,CAR,569,3.28,9.56,3.28,NA,14.98587335,NA,4.907696994,69,-317.6740043
Scott Tolzien,QB,GBP,570,0.82,0.82,0.82,NA,NA,NA,NA,70,-320.1340043
T.J. Yates,QB,ATL,571,0.72,0.72,0.72,NA,0.509116882,NA,1.342264516,71,-320.2340043
Ryan Mallett,QB,NE,572,0.48,0.48,0.48,NA,0.282842712,NA,1.286536199,72,-320.4740043
Jeff Tuel,QB,BUF,573,0.16,0.16,0.16,NA,NA,NA,NA,73,-320.7940043
Matt Barkley,QB,PHI,573,0.16,0.16,0.16,NA,NA,NA,NA,73,-320.7940043
Colt McCoy,QB,WAS,575,0.08,0.08,0.08,NA,NA,NA,NA,75,-320.8740043
Dan Orlovsky,QB,DET,576,0.04,0.04,0.04,NA,NA,NA,NA,76,-320.9140043
Aaron Murray,QB,KCC,577,0,0,0,NA,NA,NA,NA,77,-320.9540043
Austin Davis,QB,STL,577,0,0,0,NA,NA,NA,NA,77,-320.9540043
Brad Sorensen,QB,SDC,577,0,0,0,NA,NA,NA,NA,77,-320.9540043
David Fales,QB,CHI,577,0,0,0,NA,NA,NA,NA,77,-320.9540043
Dustin Vaughan,QB,DAL,577,0,0,0,NA,NA,NA,NA,77,-320.9540043
Jimmy Garoppolo,QB,NEP,577,0,0,0,NA,NA,NA,NA,77,-320.9540043
Joe Webb,QB,CAR,577,0,0,0,NA,NA,NA,NA,77,-320.9540043
Kellen Moore,QB,DET,577,0,0,0,NA,NA,NA,NA,77,-320.9540043
Landry Jones,QB,PIT,577,0,0,0,NA,NA,NA,NA,77,-320.9540043
Luke McCown,QB,NOS,577,0,0,0,NA,NA,NA,NA,77,-320.9540043
McLeod Bethel-Thompson,QB,SFO,577,0,0,0,NA,NA,NA,NA,77,-320.9540043
Mike Kafka,QB,TBB,577,0,0,0,NA,NA,NA,NA,77,-320.9540043
Sean Renfree,QB,ATL,577,0,0,0,NA,NA,NA,NA,77,-320.9540043
Zac Dysert,QB,DEN,577,0,0,0,NA,NA,NA,NA,77,-320.9540043
Curtis Painter,QB,NYG,591,-1.16,-1.16,-1.16,NA,NA,NA,NA,91,-322.1140043
Ryan Lindley,QB,ARI,592,-1.22,-1.22,-1.22,NA,NA,NA,NA,92,-322.1740043
Ryan Nassib,QB,NYG,593,-1.32,-1.32,-1.32,NA,NA,NA,NA,93,-322.2740043
Matt Simms,QB,NYJ,594,-2.22,-2.22,-2.22,NA,NA,NA,NA,94,-323.1740043
